source_file,trial_id,joint_index,joint_name,direction,effort_mag,test_effort,duration,q_start,q_end,q_delta,qdot_fit,stop_reason,gravity_mean,command_mean,n_samples,exclude_reason
hand_friction_sweep_joint1_joint_1_2_20260811_142927.csv,18,1,joint_1_2,-1,0.05,-0.05,7.438207626342773,-0.0792379480405425,-1.5763813804012785,-1.497143432360736,-0.20127744580005133,q_not_changing,3.245398763829954e-05,-0.04996754601236164,1366,invalid_stop_reason;
hand_friction_sweep_joint2_joint_1_3_20260811_150801.csv,1,2,joint_1_3,1,0.05,0.05,8.004253625869751,-1.6023867862559935,0.9149015938954276,2.517288380151421,0.31449383013246157,timeout,0.004490530218696936,0.0544905302186969,1452,invalid_stop_reason;
hand_friction_sweep_joint2_joint_1_3_20260811_150801.csv,2,2,joint_1_3,-1,0.05,-0.05,5.019958734512329,1.5683528658421044,1.0395181024878226,-0.5288347633542818,-0.1053464363598312,q_not_changing,0.011098956263780815,-0.03890104373621909,913,invalid_stop_reason;
hand_friction_sweep_joint2_joint_1_3_20260811_150801.csv,3,2,joint_1_3,1,0.05,0.05,7.9999778270721436,-1.60657557646078,0.7810348402674624,2.3876104167282426,0.29845212928572173,timeout,0.004060758068107659,0.05406075806810763,1455,invalid_stop_reason;
hand_friction_sweep_joint2_joint_1_3_20260811_150801.csv,4,2,joint_1_3,-1,0.05,-0.05,3.821246147155762,1.565385806113714,1.163785545229819,-0.4016002608838951,-0.10509667407393136,q_not_changing,0.01034669931202421,-0.03965330068797569,696,invalid_stop_reason;
hand_friction_sweep_joint2_joint_1_3_20260811_150801.csv,5,2,joint_1_3,1,0.05,0.05,8.000075817108154,-1.599245193602404,0.7058111495065068,2.3050563431089106,0.28812931224721017,timeout,0.00372632912868321,0.05372632912868318,1454,invalid_stop_reason;
hand_friction_sweep_joint2_joint_1_3_20260811_150801.csv,6,2,joint_1_3,-1,0.05,-0.05,3.212120294570923,1.5680037999917056,1.163087413529021,-0.4049163864626846,-0.12605891103987235,q_not_changing,0.010100413041584856,-0.03989958695841505,585,invalid_stop_reason;
hand_friction_sweep_joint2_joint_1_3_20260811_150801.csv,7,2,joint_1_3,1,0.05,0.05,8.004111766815186,-1.5908676131928312,0.7560766319639435,2.3469442451567746,0.29321732548602547,timeout,0.0039929865998233815,0.05399298659982335,1455,invalid_stop_reason;
hand_friction_sweep_joint2_joint_1_3_20260811_150801.csv,8,2,joint_1_3,-1,0.05,-0.05,3.820906639099121,1.5638150097869192,1.163785545229819,-0.4000294645571003,-0.10469490682227654,q_not_changing,0.010263670122896699,-0.0397363298771032,696,invalid_stop_reason;
hand_friction_sweep_joint2_joint_1_3_20260811_150801.csv,9,2,joint_1_3,1,0.05,0.05,8.001706838607788,-1.5966271997244126,0.7511897100583593,2.3478169097827717,0.2934145123206322,timeout,0.004018621788349602,0.054018621788349576,1455,invalid_stop_reason;
hand_friction_sweep_joint2_joint_1_3_20260811_150801.csv,10,2,joint_1_3,-1,0.05,-0.05,3.827543020248413,1.565385806113714,1.163785545229819,-0.4016002608838951,-0.10492377453613327,q_not_changing,0.010220831682401135,-0.03977916831759877,697,invalid_stop_reason;
hand_friction_sweep_joint2_joint_1_3_20260811_150801.csv,11,2,joint_1_3,1,0.05,0.05,2.0032870769500732,-1.5954054692480164,-1.4419910279977148,0.15341444125030157,0.07658135621973317,q_not_changing,-0.006013299749364724,0.04398670025063519,364,invalid_stop_reason;
hand_friction_sweep_joint2_joint_1_3_20260811_150801.csv,12,2,joint_1_3,-1,0.05,-0.05,3.8287453651428223,1.5744615182240844,1.1669271378834083,-0.40753438034067613,-0.10644071137529774,q_not_changing,0.010112079205034348,-0.03988792079496555,697,invalid_stop_reason;
hand_friction_sweep_joint2_joint_1_3_20260811_150801.csv,13,2,joint_1_3,1,0.05,0.05,8.004316329956055,-1.599245193602404,0.7572983624403395,2.3565435560427437,0.2944090986538611,timeout,0.004234035754282594,0.054234035754282574,1456,invalid_stop_reason;
hand_friction_sweep_joint2_joint_1_3_20260811_150801.csv,14,2,joint_1_3,-1,0.05,-0.05,3.8226053714752197,1.5664330036649106,1.1660544732574114,-0.40037853040749916,-0.1047396975359204,q_not_changing,0.01013404026654158,-0.03986595973345833,692,invalid_stop_reason;
hand_friction_sweep_joint2_joint_1_3_20260811_150801.csv,15,2,joint_1_3,1,0.05,0.05,2.607184410095215,-1.600815989929199,-1.36345121165797,0.23736477827122893,0.09104257349504492,q_not_changing,-0.005300633950126637,0.04469936604987326,474,invalid_stop_reason;
hand_friction_sweep_joint2_joint_1_3_20260811_150801.csv,16,2,joint_1_3,-1,0.05,-0.05,3.8248054981231685,1.5660839378145115,1.1650072757062149,-0.4010766621082966,-0.10486197593710449,q_not_changing,0.010115603040864458,-0.03988439695913545,697,invalid_stop_reason;
hand_friction_sweep_joint2_joint_1_3_20260811_150801.csv,17,2,joint_1_3,1,0.05,0.05,8.002014398574829,-1.6039575825827888,0.7349581480148121,2.3389157305976007,0.292290867536325,timeout,0.00420338969930699,0.054203389699306964,1456,invalid_stop_reason;
hand_friction_sweep_joint2_joint_1_3_20260811_150801.csv,18,2,joint_1_3,-1,0.05,-0.05,3.8240652084350586,1.5664330036649106,1.1641346110802178,-0.4022983925846928,-0.10520176060212305,q_not_changing,0.010116089953281823,-0.03988391004671808,697,invalid_stop_reason;
hand_friction_sweep_joint2_joint_1_3_20260811_150801.csv,19,2,joint_1_3,1,0.05,0.05,8.002018690109253,-1.600815989929199,0.6855653301833726,2.2863813201125716,0.28572556609229255,timeout,0.003958256701747548,0.05395825670174752,1456,invalid_stop_reason;
hand_friction_sweep_joint2_joint_1_3_20260811_150801.csv,20,2,joint_1_3,-1,0.05,-0.05,1.4041635990142822,1.5692255304681015,1.5100588688254937,-0.059166661642607865,-0.04213658699324113,q_not_changing,0.007747334729482103,-0.042252665270517804,257,invalid_stop_reason;
hand_friction_sweep_joint3_joint_1_4_20260811_151452.csv,1,3,joint_1_4,1,0.05,0.05,8.001821279525757,-1.5762068474760789,0.6852162643329737,2.2614231118090524,0.2826135491922759,timeout,-0.0021599307457149295,0.04784006925428501,1445,invalid_stop_reason;
hand_friction_sweep_joint3_joint_1_4_20260811_151452.csv,2,3,joint_1_4,-1,0.05,-0.05,8.001296281814575,1.53588974175501,-1.0262536001726656,-2.5621433419276753,-0.32021603146366917,timeout,0.0001884441680009639,-0.04981155583199899,1450,invalid_stop_reason;
hand_friction_sweep_joint3_joint_1_4_20260811_151452.csv,3,3,joint_1_4,1,0.05,0.05,8.000700950622559,-1.5692255304681015,0.8084365095237733,2.3776620399918746,0.29718171628535395,timeout,-0.001830361617482437,0.0481696383825175,1452,invalid_stop_reason;
hand_friction_sweep_joint3_joint_1_4_20260811_151452.csv,4,3,joint_1_4,-1,0.05,-0.05,8.002007484436035,1.5304792210738274,-1.0288715940506572,-2.5593508151244846,-0.31983859301587025,timeout,0.0001850580537087467,-0.04981494194629121,1456,invalid_stop_reason;
hand_friction_sweep_joint3_joint_1_4_20260811_151452.csv,5,3,joint_1_4,1,0.05,0.05,8.000431537628174,-1.5772540450272754,0.8203047484373348,2.39755879346461,0.2996786838545207,timeout,-0.0018044219795438372,0.0481955780204561,1454,invalid_stop_reason;
hand_friction_sweep_joint3_joint_1_4_20260811_151452.csv,6,3,joint_1_4,-1,0.05,-0.05,8.004210472106934,1.5285593588966335,-1.0281734623498595,-2.5567328212464933,-0.3194234871954197,timeout,0.00019664183878249263,-0.049803358161217455,1456,invalid_stop_reason;
hand_friction_sweep_joint3_joint_1_4_20260811_151452.csv,7,3,joint_1_4,1,0.05,0.05,8.003503322601318,-1.579522973054868,0.8286823288469076,2.4082053019017757,0.30089389668911326,timeout,-0.001791957560855725,0.048208042439144214,1455,invalid_stop_reason;
hand_friction_sweep_joint3_joint_1_4_20260811_151452.csv,8,3,joint_1_4,-1,0.05,-0.05,8.00129222869873,1.5247196345422462,-1.029569725751455,-2.5542893602937013,-0.31923460452201374,timeout,0.00020914887495306707,-0.04979085112504689,1456,invalid_stop_reason;
hand_friction_sweep_joint3_joint_1_4_20260811_151452.csv,9,3,joint_1_4,1,0.05,0.05,8.004985570907593,-1.5650367402633152,0.8367108434060815,2.4017475836693967,0.3000314694380005,timeout,-0.0017771965303642761,0.048222803469635665,1455,invalid_stop_reason;
hand_friction_sweep_joint3_joint_1_4_20260811_151452.csv,10,3,joint_1_4,-1,0.05,-0.05,8.000011682510376,1.527512161345437,-1.022413875818278,-2.549926037163715,-0.3187402891846224,timeout,0.00021605573895004096,-0.04978394426104991,1457,invalid_stop_reason;
hand_friction_sweep_joint3_joint_1_4_20260811_151452.csv,11,3,joint_1_4,1,0.05,0.05,8.002875089645386,-1.5762068474760789,0.835314580004486,2.4115214274805647,0.30133188391266286,timeout,-0.0017767595646027048,0.04822324043539724,1456,invalid_stop_reason;
hand_friction_sweep_joint3_joint_1_4_20260811_151452.csv,12,3,joint_1_4,-1,0.05,-0.05,8.000452995300293,1.5381586697826024,-1.0365510427594322,-2.5747097125420346,-0.32182049117149947,timeout,0.00020198699881252813,-0.04979801300118742,1457,invalid_stop_reason;
hand_friction_sweep_joint3_joint_1_4_20260811_151452.csv,13,3,joint_1_4,1,0.05,0.05,8.001145601272583,-1.573414320672888,0.8398524360596713,2.4132667567325594,0.30161515325364524,timeout,-0.0017672961809727815,0.04823270381902716,1455,invalid_stop_reason;
hand_friction_sweep_joint3_joint_1_4_20260811_151452.csv,14,3,joint_1_4,-1,0.05,-0.05,7.999846696853638,1.5458381184913774,-1.0330603842554436,-2.5788985027468208,-0.3223684903563351,timeout,0.0002021043630270031,-0.04979789563697294,1456,invalid_stop_reason;
hand_friction_sweep_joint3_joint_1_4_20260811_151452.csv,15,3,joint_1_4,1,0.05,0.05,8.00126600265503,-1.5819664340076602,0.8375835080320787,2.419549942039739,0.3023958885052527,timeout,-0.001767048570615491,0.04823295142938444,1455,invalid_stop_reason;
hand_friction_sweep_joint3_joint_1_4_20260811_151452.csv,16,3,joint_1_4,-1,0.05,-0.05,8.00294017791748,1.541649328286591,-1.0353293122830365,-2.5769786405696276,-0.3220039864449177,timeout,0.00020348190509851562,-0.04979651809490143,1457,invalid_stop_reason;
hand_friction_sweep_joint3_joint_1_4_20260811_151452.csv,17,3,joint_1_4,1,0.05,0.05,8.002806186676025,-1.583886296184854,0.8360127117052838,2.419899007890138,0.3023813086863279,timeout,-0.0017706093568949828,0.048229390643104955,1455,invalid_stop_reason;
hand_friction_sweep_joint3_joint_1_4_20260811_151452.csv,18,3,joint_1_4,-1,0.05,-0.05,8.003522872924805,1.5451399867905795,-1.0257300013970674,-2.570869988187647,-0.32121729755838746,timeout,0.0002238680670038018,-0.04977613193299615,1457,invalid_stop_reason;
hand_friction_sweep_joint3_joint_1_4_20260811_151452.csv,19,3,joint_1_4,1,0.05,0.05,8.003268480300903,-1.5753341828500818,0.8302531251737025,2.4055873080237844,0.30057561032031505,timeout,-0.0017777227242389319,0.048222277275761005,1453,invalid_stop_reason;
hand_friction_sweep_joint3_joint_1_4_20260811_151452.csv,20,3,joint_1_4,-1,0.05,-0.05,8.001469135284424,1.5301301552234283,-1.0266026660230645,-2.556732821246493,-0.3195329230193438,timeout,0.00022119824692221404,-0.04977880175307774,1456,invalid_stop_reason;
hand_friction_sweep_joint4_joint_2_1_20260811_140138.csv,2,4,joint_2_1,-1,0.05,-0.05,5.627195596694946,0.143116998663535,-0.6600835231042553,-0.8032005217677903,-0.14273549016841333,q_not_changing,0.009396786248344365,-0.04060321375165555,1034,invalid_stop_reason;
hand_friction_sweep_joint4_joint_2_1_20260811_140138.csv,4,4,joint_2_1,-1,0.05,-0.05,5.62712836265564,0.1373574121319537,-0.6700318998406231,-0.8073893119725768,-0.143481587754565,q_not_changing,0.009505293603536955,-0.04049470639646296,1035,invalid_stop_reason;
hand_friction_sweep_joint4_joint_2_1_20260811_140138.csv,6,4,joint_2_1,-1,0.05,-0.05,5.021156311035156,0.1258382390687911,-0.6696828339902242,-0.7955210730590153,-0.1584338394944354,q_not_changing,0.009010942490322783,-0.04098905750967714,925,invalid_stop_reason;
hand_friction_sweep_joint4_joint_2_1_20260811_140138.csv,8,4,joint_2_1,-1,0.05,-0.05,5.034179925918579,0.143116998663535,-0.6696828339902242,-0.8127998326537592,-0.16145625397078928,q_not_changing,0.008993289214649052,-0.04100671078535086,926,invalid_stop_reason;
hand_friction_sweep_joint4_joint_2_1_20260811_140138.csv,10,4,joint_2_1,-1,0.05,-0.05,5.630295038223267,0.1308996938995747,-0.6700318998406231,-0.8009315937401977,-0.14225392955480803,q_not_changing,0.009617398223791965,-0.04038260177620795,1037,invalid_stop_reason;
hand_friction_sweep_joint4_joint_2_1_20260811_140138.csv,12,4,joint_2_1,-1,0.05,-0.05,5.024315595626831,0.128630765871982,-0.6597344572538565,-0.7883652231258385,-0.15690997273579554,q_not_changing,0.008973186960714702,-0.04102681303928521,927,invalid_stop_reason;
hand_friction_sweep_joint4_joint_2_1_20260811_140138.csv,14,4,joint_2_1,-1,0.05,-0.05,5.033672332763672,0.1267109036947883,-0.6597344572538565,-0.7864453609486448,-0.15623690001229326,q_not_changing,0.009025493085320678,-0.040974506914679236,925,invalid_stop_reason;
hand_friction_sweep_joint4_joint_2_1_20260811_140138.csv,16,4,joint_2_1,-1,0.05,-0.05,5.023406267166138,0.1439896632895321,-0.6600835231042553,-0.8040731863937874,-0.1600653308989461,q_not_changing,0.008947377157354273,-0.041052622842645645,927,invalid_stop_reason;
hand_friction_sweep_joint4_joint_2_1_20260811_140138.csv,18,4,joint_2_1,-1,0.05,-0.05,5.020956993103027,0.1328195560767684,-0.6590363255530588,-0.7918558816298272,-0.15771015021987836,q_not_changing,0.0090146341681097,-0.04098536583189022,925,invalid_stop_reason;
hand_friction_sweep_joint4_joint_2_1_20260811_140138.csv,20,4,joint_2_1,-1,0.05,-0.05,5.023856163024902,0.1293288975727798,-0.6593853914034576,-0.7887142889762374,-0.15699380383958814,q_not_changing,0.009083627683688238,-0.04091637231631168,925,invalid_stop_reason;
hand_friction_sweep_joint5_joint_2_2_20260811_153257.csv,1,5,joint_2_2,1,0.05,0.05,5.6201512813568115,-0.0001745329251994,1.0316641208538482,1.0318386537790476,0.1835962418310459,q_not_changing,-0.002125680751043031,0.04787431924895691,1018,invalid_stop_reason;
hand_friction_sweep_joint5_joint_2_2_20260811_153257.csv,3,5,joint_2_2,1,0.05,0.05,5.01433539390564,0.0816814089933346,1.055400598680971,0.9737191896876363,0.19418708825721598,q_not_changing,-0.0025156385582344046,0.04748436144176553,909,invalid_stop_reason;
hand_friction_sweep_joint5_joint_2_2_20260811_153257.csv,5,5,joint_2_2,1,0.05,0.05,5.618011474609375,0.0836012711705283,1.055051532830572,0.9714502616600438,0.1729171017272779,q_not_changing,-0.0031374263411710446,0.0468625736588289,1018,invalid_stop_reason;
hand_friction_sweep_joint5_joint_2_2_20260811_153257.csv,7,5,joint_2_2,1,0.05,0.05,5.021600008010864,0.0832522053201295,1.0576695267085636,0.9744173213884342,0.1940451887513869,q_not_changing,-0.002630438139577688,0.04736956186042225,908,invalid_stop_reason;
hand_friction_sweep_joint5_joint_2_2_20260811_153257.csv,9,5,joint_2_2,1,0.05,0.05,5.619086742401123,0.0727802298081635,1.055051532830572,0.9822713030224086,0.17480977746975815,q_not_changing,-0.003111230402194195,0.04688876959780574,1018,invalid_stop_reason;
hand_friction_sweep_joint5_joint_2_2_20260811_153257.csv,11,5,joint_2_2,1,0.05,0.05,5.6158411502838135,0.0827286065445312,1.055051532830572,0.9723229262860409,0.17313932147758518,q_not_changing,-0.0031555035252613553,0.046844496474738574,1018,invalid_stop_reason;
hand_friction_sweep_joint5_joint_2_2_20260811_153257.csv,13,5,joint_2_2,1,0.05,0.05,5.615400552749634,0.0823795406941323,1.055400598680971,0.9730210579868386,0.17327723086653002,q_not_changing,-0.0031668933281897467,0.04683310667181019,1018,invalid_stop_reason;
hand_friction_sweep_joint5_joint_2_2_20260811_153257.csv,15,5,joint_2_2,1,0.05,0.05,5.020580291748047,0.0827286065445312,1.0557496645313698,0.9730210579868386,0.19380649276461542,q_not_changing,-0.0025753428325191573,0.04742465716748078,912,invalid_stop_reason;
hand_friction_sweep_joint5_joint_2_2_20260811_153257.csv,17,5,joint_2_2,1,0.05,0.05,5.625629901885986,0.0836012711705283,1.055400598680971,0.9717993275104426,0.17274498046603598,q_not_changing,-0.0032052067964116145,0.04679479320358832,1022,invalid_stop_reason;
hand_friction_sweep_joint5_joint_2_2_20260811_153257.csv,19,5,joint_2_2,1,0.05,0.05,5.620997667312622,0.0832522053201295,1.0547024669801732,0.9714502616600438,0.17282523835746236,q_not_changing,-0.003128733352610809,0.04687126664738912,1017,invalid_stop_reason;
hand_friction_sweep_joint6_joint_2_3_20260811_153827.csv,1,6,joint_2_3,1,0.05,0.05,5.6153929233551025,-1.578650308428871,-0.4249876728606192,1.1536626355682518,0.2054464667592589,q_not_changing,0.00856537791788166,0.05856537791788167,1018,invalid_stop_reason;
hand_friction_sweep_joint6_joint_2_3_20260811_153827.csv,2,6,joint_2_3,-1,0.05,-0.05,1.4047045707702637,1.5905185473424324,1.569400063393301,-0.021118483949131406,-0.015034110651146508,q_not_changing,-0.010390080748416797,-0.06039008074841681,255,invalid_stop_reason;
hand_friction_sweep_joint6_joint_2_3_20260811_153827.csv,3,6,joint_2_3,1,0.05,0.05,6.219781875610352,-1.571843524346093,-0.3150319299849765,1.2568115943611167,0.20206682798466866,q_not_changing,0.007900611094379674,0.057900611094379675,1128,invalid_stop_reason;
hand_friction_sweep_joint6_joint_2_3_20260811_153827.csv,4,6,joint_2_3,-1,0.05,-0.05,1.401900053024292,1.5924384095196262,1.5728907218972896,-0.019547687622336607,-0.013943709881575906,q_not_changing,-0.01039800046627001,-0.06039800046627002,255,small_q_delta;invalid_stop_reason;
hand_friction_sweep_joint6_joint_2_3_20260811_153827.csv,5,6,joint_2_3,1,0.05,0.05,6.214710235595703,-1.5737633865232867,-0.3141592653589793,1.2596041211643074,0.20268107014060482,q_not_changing,0.00782562098967454,0.05782562098967454,1127,invalid_stop_reason;
hand_friction_sweep_joint6_joint_2_3_20260811_153827.csv,6,6,joint_2_3,-1,0.05,-0.05,1.4044177532196045,1.5831881644840562,1.5725416560468908,-0.010646508437165414,-0.007580727609543862,q_not_changing,-0.010400553360872925,-0.06040055336087294,256,small_q_delta;invalid_stop_reason;
hand_friction_sweep_joint6_joint_2_3_20260811_153827.csv,7,6,joint_2_3,1,0.05,0.05,6.219130754470825,-1.5699236621688992,-0.3138101995085804,1.2561134626603188,0.20197572816061482,q_not_changing,0.007827264569172095,0.057827264569172095,1129,invalid_stop_reason;
hand_friction_sweep_joint6_joint_2_3_20260811_153827.csv,8,6,joint_2_3,-1,0.05,-0.05,0.8017845153808594,1.595929068023615,1.595929068023615,0.0,0.0,q_not_changing,-0.010442533499967007,-0.06044253349996701,146,small_qdot;small_q_delta;invalid_stop_reason;direction_mismatch;
hand_friction_sweep_joint6_joint_2_3_20260811_153827.csv,9,6,joint_2_3,1,0.05,0.05,6.219510793685913,-1.571843524346093,-0.3134611336581815,1.2583823906879115,0.2023281946813935,q_not_changing,0.007810687613884599,0.0578106876138846,1128,invalid_stop_reason;
hand_friction_sweep_joint6_joint_2_3_20260811_153827.csv,10,6,joint_2_3,-1,0.05,-0.05,1.4030654430389404,1.5859806912872472,1.5802211047556658,-0.005759586531581373,-0.0041050020582835516,q_not_changing,-0.010414992072027854,-0.060414992072027864,255,small_qdot;small_q_delta;invalid_stop_reason;
hand_friction_sweep_joint6_joint_2_3_20260811_153827.csv,11,6,joint_2_3,1,0.05,0.05,6.217514991760254,-1.577079512102076,-0.3138101995085804,1.2632693125934955,0.20317913415048294,q_not_changing,0.007814194273058638,0.05781419427305865,1128,invalid_stop_reason;
hand_friction_sweep_joint6_joint_2_3_20260811_153827.csv,12,6,joint_2_3,-1,0.05,-0.05,1.4046437740325928,1.603259450881991,1.5831881644840562,-0.020071286397934873,-0.014289236010573844,q_not_changing,-0.010422484846774034,-0.06042248484677404,256,invalid_stop_reason;
hand_friction_sweep_joint6_joint_2_3_20260811_153827.csv,13,6,joint_2_3,1,0.05,0.05,6.215467929840088,-1.5744615182240844,-0.3138101995085804,1.260651318715504,0.20282484487824204,q_not_changing,0.007849558019267051,0.05784955801926706,1127,invalid_stop_reason;
hand_friction_sweep_joint6_joint_2_3_20260811_153827.csv,14,6,joint_2_3,-1,0.05,-0.05,2.003693103790283,1.603259450881991,1.5840608291100533,-0.019198621771937763,-0.009581617931219465,q_not_changing,-0.010432289483149474,-0.06043228948314948,364,small_q_delta;invalid_stop_reason;
hand_friction_sweep_joint6_joint_2_3_20260811_153827.csv,15,6,joint_2_3,1,0.05,0.05,6.213433742523193,-1.5859806912872472,-0.3134611336581815,1.2725195576290655,0.2048013401865475,q_not_changing,0.007813930565976195,0.057813930565976196,1127,invalid_stop_reason;
hand_friction_sweep_joint6_joint_2_3_20260811_153827.csv,16,6,joint_2_3,-1,0.05,-0.05,1.4054243564605713,1.6027358521063926,1.5924384095196262,-0.010297442586766348,-0.007326927656711091,q_not_changing,-0.010446655819283873,-0.06044665581928387,256,small_q_delta;invalid_stop_reason;
hand_friction_sweep_joint6_joint_2_3_20260811_153827.csv,17,6,joint_2_3,1,0.05,0.05,6.2296881675720215,-1.571843524346093,-0.3138101995085804,1.2580333248375126,0.2019416206714922,q_not_changing,0.007826497874324238,0.05782649787432424,1131,invalid_stop_reason;
hand_friction_sweep_joint6_joint_2_3_20260811_153827.csv,18,6,joint_2_3,-1,0.05,-0.05,1.4048609733581543,1.587551487614042,1.5805701706060646,-0.006981317007977328,-0.004969400631358784,q_not_changing,-0.010416220664992216,-0.060416220664992214,256,small_qdot;small_q_delta;invalid_stop_reason;
hand_friction_sweep_joint6_joint_2_3_20260811_153827.csv,19,6,joint_2_3,1,0.05,0.05,5.618921756744385,-1.5648622073381158,-0.3141592653589793,1.2507029419791365,0.22258771275430544,q_not_changing,0.008119027034376912,0.058119027034376915,1019,invalid_stop_reason;
hand_friction_sweep_joint6_joint_2_3_20260811_153827.csv,20,6,joint_2_3,-1,0.05,-0.05,1.407320499420166,1.5837117632596545,1.5744615182240844,-0.009250245035570037,-0.006572948407545584,q_not_changing,-0.010406078449969823,-0.060406078449969834,256,small_q_delta;invalid_stop_reason;
hand_friction_sweep_joint6_joint_2_3_20260811_153827.csv,21,6,joint_2_3,1,0.1,0.1,6.2187180519104,-1.5894713497912358,1.215447291088851,2.8049186408800866,0.45104451069596424,q_not_changing,-0.0018308925874982829,0.09816910741250166,1129,invalid_stop_reason;
hand_friction_sweep_joint6_joint_2_3_20260811_153827.csv,23,6,joint_2_3,1,0.1,0.1,6.21527099609375,-1.5055210127703085,1.2587314565383103,2.7642524693086186,0.44475172056792533,q_not_changing,-0.0022006668813907794,0.09779933311860918,1128,invalid_stop_reason;
hand_friction_sweep_joint6_joint_2_3_20260811_153827.csv,25,6,joint_2_3,1,0.1,0.1,6.213621377944946,-1.52349790406585,1.2798499404874415,2.803347844553292,0.45116167755307507,q_not_changing,-0.0022705406062040814,0.09772945939379586,1127,invalid_stop_reason;
hand_friction_sweep_joint6_joint_2_3_20260811_153827.csv,27,6,joint_2_3,1,0.1,0.1,6.216250658035278,-1.5269885625698387,1.2971287000821856,2.8241172626520243,0.45431199898631835,q_not_changing,-0.0022711461195771064,0.09772885388042284,1127,invalid_stop_reason;
hand_friction_sweep_joint6_joint_2_3_20260811_153827.csv,29,6,joint_2_3,1,0.1,0.1,6.217418432235718,-1.5196581797114626,1.3102186694721432,2.8298768491836057,0.455153031764988,q_not_changing,-0.0023260276360778332,0.09767397236392211,1127,invalid_stop_reason;
hand_friction_sweep_joint6_joint_2_3_20260811_153827.csv,31,6,joint_2_3,1,0.1,0.1,6.227245092391968,-1.5299556222982291,1.2974777659325845,2.827433388230814,0.4540424130222822,q_not_changing,-0.002318365589997906,0.09768163441000204,1128,invalid_stop_reason;
hand_friction_sweep_joint6_joint_2_3_20260811_153827.csv,33,6,joint_2_3,1,0.1,0.1,5.612609148025513,-1.515818455357075,1.3109168011729408,2.826735256530016,0.5036401399025705,q_not_changing,-0.0015640223313537712,0.09843597766864619,1018,invalid_stop_reason;
hand_friction_sweep_joint6_joint_2_3_20260811_153827.csv,35,6,joint_2_3,1,0.1,0.1,6.215160608291626,-1.5135495273294823,1.318596249881716,2.832145777211198,0.4556834417815111,q_not_changing,-0.0023610919721649007,0.09763890802783504,1129,invalid_stop_reason;
hand_friction_sweep_joint6_joint_2_3_20260811_153827.csv,37,6,joint_2_3,1,0.1,0.1,6.219980239868164,-1.5046483481443114,1.318596249881716,2.8232445980260277,0.4538992873208658,q_not_changing,-0.0023624748894488295,0.09763752511055111,1127,invalid_stop_reason;
hand_friction_sweep_joint6_joint_2_3_20260811_153827.csv,39,6,joint_2_3,1,0.1,0.1,6.215771675109863,-1.5116296651522887,1.319468914507713,2.8310985796600017,0.45547016969698495,q_not_changing,-0.0024006343965335296,0.09759936560346642,1128,invalid_stop_reason;
hand_friction_sweep_joint7_joint_2_4_20260811_154532.csv,1,7,joint_2_4,1,0.05,0.05,8.000945091247559,-1.5610224829837285,0.6670648401122327,2.228087323095961,0.2784780169949327,timeout,0.000622123878154001,0.05062212387815397,1451,invalid_stop_reason;
hand_friction_sweep_joint7_joint_2_4_20260811_154532.csv,2,7,joint_2_4,-1,0.05,-0.05,8.001784324645996,1.6369443054454815,-0.9056513488598577,-2.542595654305339,-0.3177535848440685,timeout,-0.00021909464368353686,-0.050219094643683494,1453,invalid_stop_reason;
hand_friction_sweep_joint7_joint_2_4_20260811_154532.csv,3,7,joint_2_4,1,0.05,0.05,8.003168821334839,-1.5648622073381158,0.7176793884200683,2.2825415957581843,0.28520472911597056,timeout,0.0005768338957117791,0.050576833895711756,1453,invalid_stop_reason;
hand_friction_sweep_joint7_joint_2_4_20260811_154532.csv,4,7,joint_2_4,-1,0.05,-0.05,8.000993728637695,1.6434020236778606,-0.926769832808989,-2.5701718564868496,-0.32123157993331725,timeout,-0.00022104535992771408,-0.05022104535992768,1450,invalid_stop_reason;
hand_friction_sweep_joint7_joint_2_4_20260811_154532.csv,5,7,joint_2_4,1,0.05,0.05,8.00310754776001,-1.554913830601748,0.7372270760424047,2.2921409066441525,0.2864063606499578,timeout,0.0005600572819562828,0.05056005728195626,1450,invalid_stop_reason;
hand_friction_sweep_joint7_joint_2_4_20260811_154532.csv,6,7,joint_2_4,-1,0.05,-0.05,8.000495433807373,1.6273449945595126,-0.9354964790689604,-2.562841473628473,-0.32033534608354086,timeout,-0.00021032759296415456,-0.05021032759296412,1452,invalid_stop_reason;
hand_friction_sweep_joint7_joint_2_4_20260811_154532.csv,7,7,joint_2_4,1,0.05,0.05,8.003978967666626,-1.5488051782197678,0.7410668003967923,2.28987197861656,0.28609170362226966,timeout,0.0005548595802131815,0.05055485958021314,1450,invalid_stop_reason;
hand_friction_sweep_joint7_joint_2_4_20260811_154532.csv,8,7,joint_2_4,-1,0.05,-0.05,8.001463413238525,1.6257741982327178,-0.9416051314509408,-2.567379329683659,-0.32086372168319816,timeout,-0.00019545129876805202,-0.05019545129876801,1449,invalid_stop_reason;
hand_friction_sweep_joint7_joint_2_4_20260811_154532.csv,9,7,joint_2_4,1,0.05,0.05,8.005327939987183,-1.5610224829837285,0.7548549014875474,2.3158773844712757,0.2892920067525658,timeout,0.0005421104466598325,0.0505421104466598,1446,invalid_stop_reason;
hand_friction_sweep_joint7_joint_2_4_20260811_154532.csv,10,7,joint_2_4,-1,0.05,-0.05,8.00184178352356,1.6334536469414929,-0.9431759277777356,-2.5766295747192283,-0.32200456400234223,timeout,-0.00019581066505706574,-0.05019581066505703,1450,invalid_stop_reason;
hand_friction_sweep_joint7_joint_2_4_20260811_154532.csv,11,7,joint_2_4,1,0.05,0.05,8.00072193145752,-1.5728907218972896,0.752236907609556,2.3251276295068455,0.29061472819906753,timeout,0.0005425544325550196,0.05054255443255498,1450,invalid_stop_reason;
hand_friction_sweep_joint7_joint_2_4_20260811_154532.csv,12,7,joint_2_4,-1,0.05,-0.05,8.003974914550781,1.6304865872131025,-0.9217083779782054,-2.552194965191308,-0.31886593754205295,timeout,-0.00021889750382974617,-0.0502188975038297,1453,invalid_stop_reason;
hand_friction_sweep_joint7_joint_2_4_20260811_154532.csv,13,7,joint_2_4,1,0.05,0.05,7.999887943267822,-1.5671311353657082,0.3932226804743224,1.9603538158400307,0.24504765938499615,timeout,0.0006309559542756005,0.050630955954275574,1449,invalid_stop_reason;
hand_friction_sweep_joint7_joint_2_4_20260811_154532.csv,14,7,joint_2_4,-1,0.05,-0.05,8.002953052520752,1.6446237541542563,-0.8477064176936457,-2.492330171847902,-0.3114263141982163,timeout,-0.0003727796289938934,-0.050372779628993856,1450,invalid_stop_reason;
hand_friction_sweep_joint7_joint_2_4_20260811_154532.csv,15,7,joint_2_4,1,0.05,0.05,7.999868631362915,-1.5533430342749532,0.4249876728606192,1.9783307071355725,0.24729539924939115,timeout,0.0006072076629744801,0.05060720766297444,1450,invalid_stop_reason;
hand_friction_sweep_joint7_joint_2_4_20260811_154532.csv,16,7,joint_2_4,-1,0.05,-0.05,8.001988172531128,1.6324064493902963,-0.8922123136195012,-2.5246187630097974,-0.3154989370861853,timeout,-0.0003038161897678169,-0.05030381618976778,1450,invalid_stop_reason;
hand_friction_sweep_joint7_joint_2_4_20260811_154532.csv,17,7,joint_2_4,1,0.05,0.05,8.003843307495117,-1.5564846269285428,0.6991788983489283,2.255663525277471,0.281822549320172,timeout,0.0005552057944515757,0.050555205794451545,1450,invalid_stop_reason;
hand_friction_sweep_joint7_joint_2_4_20260811_154532.csv,18,7,joint_2_4,-1,0.05,-0.05,8.004026889801025,1.6311847189139002,-0.8998917623282763,-2.5310764812421764,-0.3162253845582842,timeout,-0.00030539831529601376,-0.05030539831529598,1452,invalid_stop_reason;
hand_friction_sweep_joint7_joint_2_4_20260811_154532.csv,19,7,joint_2_4,1,0.05,0.05,8.00419020652771,-1.5655603390389137,0.7234389749516495,2.2889993139905633,0.28597512739312475,timeout,0.0005374113580100945,0.05053741135801006,1452,invalid_stop_reason;
hand_friction_sweep_joint7_joint_2_4_20260811_154532.csv,20,7,joint_2_4,-1,0.05,-0.05,8.003450393676758,1.657713723544214,-0.8948303074974927,-2.5525440310417067,-0.3189304494294587,timeout,-0.0003262895549108575,-0.05032628955491082,1452,invalid_stop_reason;
hand_friction_sweep_joint8_joint_3_1_20260811_140551.csv,1,8,joint_3_1,1,0.05,0.05,1.4097561836242676,-0.5796238445873167,-0.5150466622635266,0.06457718232379017,0.045807341066433284,q_not_changing,0.011689580880631024,0.061689580880631034,260,invalid_stop_reason;
hand_friction_sweep_joint8_joint_3_1_20260811_140551.csv,2,8,joint_3_1,-1,0.05,-0.05,3.2152249813079834,0.7281513639320342,0.3621558197888233,-0.3659955441432109,-0.11383201681716236,q_not_changing,-0.010383758759539405,-0.060383758759539406,593,invalid_stop_reason;
hand_friction_sweep_joint8_joint_3_1_20260811_140551.csv,3,8,joint_3_1,1,0.05,0.05,2.0110244750976562,-0.6017895260876448,-0.457974395723312,0.1438151303643328,0.07151336651800276,q_not_changing,0.010636166674861969,0.06063616667486197,371,invalid_stop_reason;
hand_friction_sweep_joint8_joint_3_1_20260811_140551.csv,4,8,joint_3_1,-1,0.05,-0.05,2.0080814361572266,0.7265805676052394,0.6333799855487421,-0.09320058205649728,-0.04641275018947985,q_not_changing,-0.01393860658343019,-0.06393860658343017,372,invalid_stop_reason;
hand_friction_sweep_joint8_joint_3_1_20260811_140551.csv,5,8,joint_3_1,1,0.05,0.05,2.6062300205230713,-0.5921902152016759,-0.3516838442768574,0.24050637092481852,0.09228132936499166,q_not_changing,0.009066023138350933,0.05906602313835094,482,invalid_stop_reason;
hand_friction_sweep_joint8_joint_3_1_20260811_140551.csv,6,8,joint_3_1,-1,0.05,-0.05,2.0098857879638676,0.7157595262428744,0.6333799855487421,-0.08237954069413234,-0.04098717508599713,q_not_changing,-0.013936963101635879,-0.06393696310163588,372,invalid_stop_reason;
hand_friction_sweep_joint8_joint_3_1_20260811_140551.csv,7,8,joint_3_1,1,0.05,0.05,2.6138765811920166,-0.6110397711232147,-0.3209660494417571,0.2900737216814576,0.11097452870141793,q_not_changing,0.008599156523164214,0.05859915652316423,482,invalid_stop_reason;
hand_friction_sweep_joint8_joint_3_1_20260811_140551.csv,8,8,joint_3_1,-1,0.05,-0.05,3.816269397735596,0.7058111495065068,0.170518667919846,-0.5352924815866609,-0.14026590520687024,q_not_changing,-0.007588071820355378,-0.057588071820355385,703,invalid_stop_reason;
hand_friction_sweep_joint8_joint_3_1_20260811_140551.csv,9,8,joint_3_1,1,0.05,0.05,2.007974147796631,-0.5883504908472884,-0.4361577800733829,0.1521927107739055,0.07579415847604812,q_not_changing,0.010352247649444769,0.06035224764944476,371,invalid_stop_reason;
hand_friction_sweep_joint8_joint_3_1_20260811_140551.csv,10,8,joint_3_1,-1,0.05,-0.05,4.422122001647949,0.7089527421600966,-0.0223402144255274,-0.731292956585624,-0.1653715018068475,q_not_changing,-0.005499612644181701,-0.05549961264418169,815,invalid_stop_reason;
hand_friction_sweep_joint8_joint_3_1_20260811_140551.csv,11,8,joint_3_1,1,0.05,0.05,2.0090270042419434,-0.5738642580557355,-0.4361577800733829,0.13770647798235258,0.06854386610612669,q_not_changing,0.010289517064936186,0.06028951706493619,371,invalid_stop_reason;
hand_friction_sweep_joint8_joint_3_1_20260811_140551.csv,12,8,joint_3_1,-1,0.05,-0.05,5.019174814224243,0.7161085920932734,-0.1059414855960557,-0.8220500776893291,-0.16378191796780125,q_not_changing,-0.004229556646263727,-0.05422955664626371,925,invalid_stop_reason;
hand_friction_sweep_joint8_joint_3_1_20260811_140551.csv,13,8,joint_3_1,1,0.05,0.05,1.4080469608306885,-0.6068509809184284,-0.5431464632206353,0.06370451769779306,0.045243176875443186,q_not_changing,0.012198881249210118,0.06219888124921013,261,invalid_stop_reason;
hand_friction_sweep_joint8_joint_3_1_20260811_140551.csv,14,8,joint_3_1,-1,0.05,-0.05,5.019335508346558,0.7300712261092279,-0.0226892802759262,-0.7527605063851541,-0.14997214374958656,q_not_changing,-0.005304417402528669,-0.05530441740252864,925,invalid_stop_reason;
hand_friction_sweep_joint8_joint_3_1_20260811_140551.csv,15,8,joint_3_1,1,0.05,0.05,2.0086865425109868,-0.6075491126192261,-0.4576253298729131,0.14992378274631296,0.07463771951142692,q_not_changing,0.010682453390325303,0.060682453390325304,370,invalid_stop_reason;
hand_friction_sweep_joint8_joint_3_1_20260811_140551.csv,16,8,joint_3_1,-1,0.05,-0.05,2.617046594619751,0.7004006288253244,0.443837228782158,-0.2565634000431664,-0.09803547272357384,q_not_changing,-0.011276030419349756,-0.06127603041934976,482,invalid_stop_reason;
hand_friction_sweep_joint8_joint_3_1_20260811_140551.csv,17,8,joint_3_1,1,0.05,0.05,2.005767822265625,-0.5953318078552657,-0.4365068459237817,0.15882496193148404,0.07918412099765491,q_not_changing,0.010412177062786658,0.06041217706278666,371,invalid_stop_reason;
hand_friction_sweep_joint8_joint_3_1_20260811_140551.csv,18,8,joint_3_1,-1,0.05,-0.05,3.213733434677124,0.6927211801165494,0.2532472744643771,-0.43947390565217226,-0.13674871129948746,q_not_changing,-0.008823061156496064,-0.05882306115649608,594,invalid_stop_reason;
hand_friction_sweep_joint8_joint_3_1_20260811_140551.csv,19,8,joint_3_1,1,0.05,0.05,1.4066276550292969,-0.567232006898157,-0.4300491276914027,0.13718287920675432,0.09752607857258225,q_not_changing,0.010288957248812297,0.0602889572488123,260,invalid_stop_reason;
hand_friction_sweep_joint8_joint_3_1_20260811_140551.csv,20,8,joint_3_1,-1,0.05,-0.05,2.0111382007598877,0.6951646410693414,0.5527457741066041,-0.1424188669627373,-0.07081505731874907,q_not_changing,-0.012718680510906884,-0.0627186805109069,371,invalid_stop_reason;
hand_friction_sweep_joint8_joint_3_1_20260811_140551.csv,21,8,joint_3_1,1,0.1,0.1,2.0101585388183594,-0.5719443958785417,0.3047344873982099,0.8766788832767516,0.4361242490814151,q_not_changing,-0.0007677013915720506,0.09923229860842792,371,invalid_stop_reason;
hand_friction_sweep_joint8_joint_3_1_20260811_140551.csv,23,8,joint_3_1,1,0.1,0.1,2.0097384452819824,-0.4630358505540956,0.3169517921621702,0.7799876427162657,0.3881040563001357,q_not_changing,-0.0020299593748370295,0.0979700406251629,370,invalid_stop_reason;
hand_friction_sweep_joint8_joint_3_1_20260811_140551.csv,25,8,joint_3_1,1,0.1,0.1,2.6146910190582275,-0.4605923896013035,0.3181735226385662,0.7787659122398697,0.29784242442549463,q_not_changing,-0.0033880950062257025,0.09661190499377423,481,invalid_stop_reason;
hand_friction_sweep_joint8_joint_3_1_20260811_140551.csv,27,8,joint_3_1,1,0.1,0.1,2.6130027770996094,-0.4625122517784973,0.3185225884889651,0.7810348402674624,0.29890318032283086,q_not_changing,-0.0033472218599316155,0.09665277814006833,483,invalid_stop_reason;
hand_friction_sweep_joint8_joint_3_1_20260811_140551.csv,29,8,joint_3_1,1,0.1,0.1,2.6126885414123535,-0.4621631859280984,0.3181735226385662,0.7803367085666646,0.2986719221208182,q_not_changing,-0.0033153702417405705,0.09668462975825937,482,invalid_stop_reason;
hand_friction_sweep_joint8_joint_3_1_20260811_140551.csv,31,8,joint_3_1,1,0.1,0.1,2.0076630115509033,-0.4457570909593517,0.3169517921621702,0.7627088831215219,0.3798988568964746,q_not_changing,-0.0022798167249959644,0.09772018327500398,372,invalid_stop_reason;
hand_friction_sweep_joint8_joint_3_1_20260811_140551.csv,33,8,joint_3_1,1,0.1,0.1,2.008917808532715,-0.4548328030697222,0.3195697860401617,0.7744025891098838,0.3854824651464942,q_not_changing,-0.0022928900843856978,0.09770710991561427,371,invalid_stop_reason;
hand_friction_sweep_joint8_joint_3_1_20260811_140551.csv,35,8,joint_3_1,1,0.1,0.1,2.011745929718017,-0.4499458811641381,0.3157300616857741,0.7656759428499122,0.3806027051125863,q_not_changing,-0.0022317656888741133,0.09776823431112583,371,invalid_stop_reason;
hand_friction_sweep_joint8_joint_3_1_20260811_140551.csv,37,8,joint_3_1,1,0.1,0.1,2.0072836875915527,-0.4495968153137392,0.3185225884889651,0.7681194038027043,0.38266609176918853,q_not_changing,-0.002343764555331134,0.09765623544466881,369,invalid_stop_reason;
hand_friction_sweep_joint8_joint_3_1_20260811_140551.csv,39,8,joint_3_1,1,0.1,0.1,2.6118946075439453,-0.4525638750421296,0.3181735226385662,0.7707373976806957,0.2950874799674428,q_not_changing,-0.003398252753198325,0.0966017472468016,482,invalid_stop_reason;
hand_friction_sweep_joint9_joint_3_2_20260811_160517.csv,1,9,joint_3_2,1,0.05,0.05,5.634695053100586,-0.0094247779607693,1.0133381637079075,1.0227629416686768,0.18151167579262062,q_not_changing,-0.0022052832184541594,0.04779471678154578,1035,invalid_stop_reason;
hand_friction_sweep_joint9_joint_3_2_20260811_160517.csv,3,9,joint_3_2,1,0.05,0.05,5.631515741348267,0.0790634151153431,1.1184069846779665,1.0393435695626234,0.18455840617321784,q_not_changing,-0.00381463470137525,0.04618536529862469,1036,invalid_stop_reason;
hand_friction_sweep_joint9_joint_3_2_20260811_160517.csv,5,9,joint_3_2,1,0.05,0.05,6.8371663093566895,0.0832522053201295,1.2548917321839228,1.1716395268637934,0.1713633212724985,q_not_changing,-0.005294401408638261,0.04470559859136166,1259,invalid_stop_reason;
hand_friction_sweep_joint9_joint_3_2_20260811_160517.csv,7,9,joint_3_2,1,0.05,0.05,6.842695236206055,0.0797615468161408,1.2522737383059312,1.1725121914897905,0.17135239127497545,q_not_changing,-0.005358450129938323,0.04464154987006161,1258,invalid_stop_reason;
hand_friction_sweep_joint9_joint_3_2_20260811_160517.csv,9,9,joint_3_2,1,0.05,0.05,6.239292860031129,0.0839503370209272,1.2519246724555324,1.1679743354346053,0.18719658808078102,q_not_changing,-0.004831787655838834,0.045168212344161095,1146,invalid_stop_reason;
hand_friction_sweep_joint9_joint_3_2_20260811_160517.csv,11,9,joint_3_2,1,0.05,0.05,6.841200828552246,0.0839503370209272,1.25262280415633,1.168672467135403,0.1708285572114568,q_not_changing,-0.0054356001527968165,0.04456439984720311,1256,invalid_stop_reason;
hand_friction_sweep_joint9_joint_3_2_20260811_160517.csv,13,9,joint_3_2,1,0.05,0.05,6.233319282531738,0.0729547627333629,1.2519246724555324,1.1789699097221695,0.18913998405730897,q_not_changing,-0.004783962796963124,0.0452160372030368,1147,invalid_stop_reason;
hand_friction_sweep_joint9_joint_3_2_20260811_160517.csv,15,9,joint_3_2,1,0.05,0.05,6.837384223937988,0.0825540736193317,1.2522737383059312,1.1697196646865995,0.1710770707592179,q_not_changing,-0.005442392090129643,0.04455760790987028,1256,invalid_stop_reason;
hand_friction_sweep_joint9_joint_3_2_20260811_160517.csv,17,9,joint_3_2,1,0.05,0.05,6.8191163539886475,0.0820304748437334,1.2507029419791365,1.168672467135403,0.17138180468966793,q_not_changing,-0.005413804623998264,0.04458619537600166,1252,invalid_stop_reason;
hand_friction_sweep_joint9_joint_3_2_20260811_160517.csv,19,9,joint_3_2,1,0.05,0.05,6.242424249649048,0.0851720674973232,1.2491321456523414,1.1639600781550183,0.186459623954661,q_not_changing,-0.004882036829885982,0.04511796317011394,1148,invalid_stop_reason;
hand_friction_sweep_joint10_joint_3_3_20260811_161208.csv,1,10,joint_3_3,1,0.05,0.05,7.435359239578247,-1.5882496193148397,-0.0656243798749867,1.522625239439853,0.204781664258393,q_not_changing,0.005315203084070614,0.055315203084070626,1369,invalid_stop_reason;
hand_friction_sweep_joint10_joint_3_3_20260811_161208.csv,2,10,joint_3_3,-1,0.05,-0.05,8.000587463378906,1.589820415641635,-0.1523672436991049,-1.7421876593407397,-0.2177574668504352,timeout,-0.0032326713154390333,-0.053232671315439004,1470,invalid_stop_reason;
hand_friction_sweep_joint10_joint_3_3_20260811_161208.csv,3,10,joint_3_3,1,0.05,0.05,7.43671727180481,-1.5889477510156376,0.0146607657167523,1.60360851673239,0.21563392261962538,q_not_changing,0.005005360690191041,0.05500536069019105,1370,invalid_stop_reason;
hand_friction_sweep_joint10_joint_3_3_20260811_161208.csv,4,10,joint_3_3,-1,0.05,-0.05,8.003550291061401,1.5910421461180306,-0.1558579022030936,-1.746900048321124,-0.2182656427200955,timeout,-0.0032719923874355355,-0.053271992387435504,1474,invalid_stop_reason;
hand_friction_sweep_joint10_joint_3_3_20260811_161208.csv,5,10,joint_3_3,1,0.05,0.05,7.436268091201782,-1.5866788229880449,0.0162315620435472,1.602910385031592,0.2155530657814872,q_not_changing,0.0049271564070572935,0.054927156407057295,1369,invalid_stop_reason;
hand_friction_sweep_joint10_joint_3_3_20260811_161208.csv,6,10,joint_3_3,-1,0.05,-0.05,8.001909494400024,1.5894713497912358,-0.1143190660056285,-1.7037904157968644,-0.21292298006984806,timeout,-0.0033985982921911633,-0.05339859829219115,1474,invalid_stop_reason;
hand_friction_sweep_joint10_joint_3_3_20260811_161208.csv,7,10,joint_3_3,1,0.05,0.05,7.448172092437744,-1.5882496193148397,0.018151424220741,1.6064010435355807,0.21567721900069778,q_not_changing,0.004909982815759717,0.05490998281575973,1370,invalid_stop_reason;
hand_friction_sweep_joint10_joint_3_3_20260811_161208.csv,8,10,joint_3_3,-1,0.05,-0.05,8.001040697097778,1.5920893436692272,-0.1439896632895321,-1.7360790069587593,-0.21698164934825143,timeout,-0.0033734303902682857,-0.05337343039026826,1474,invalid_stop_reason;
hand_friction_sweep_joint10_joint_3_3_20260811_161208.csv,9,10,joint_3_3,1,0.05,0.05,7.433515787124633,-1.587551487614042,0.0136135681655557,1.6011650557795978,0.2153980837106618,q_not_changing,0.0049016333598412955,0.054901633359841294,1369,invalid_stop_reason;
hand_friction_sweep_joint10_joint_3_3_20260811_161208.csv,10,10,joint_3_3,-1,0.05,-0.05,8.003082752227783,1.5905185473424324,-0.157254165604689,-1.7477727129471214,-0.21838743482448705,timeout,-0.003244148880407589,-0.05324414888040757,1473,invalid_stop_reason;
hand_friction_sweep_joint10_joint_3_3_20260811_161208.csv,11,10,joint_3_3,1,0.05,0.05,8.0040602684021,-1.5866788229880449,0.0139626340159546,1.6006414570039995,0.19997868623289933,timeout,0.004751139534597488,0.054751139534597495,1475,invalid_stop_reason;
hand_friction_sweep_joint10_joint_3_3_20260811_161208.csv,12,10,joint_3_3,-1,0.05,-0.05,8.004229307174683,1.5929620082952245,-0.0748746249105567,-1.6678366332057812,-0.20836942186436322,timeout,-0.003389868931805512,-0.0533898689318055,1472,invalid_stop_reason;
hand_friction_sweep_joint10_joint_3_3_20260811_161208.csv,13,10,joint_3_3,1,0.05,0.05,7.43514347076416,-1.5885986851652385,0.0146607657167523,1.6032594508819908,0.21563261787565924,q_not_changing,0.004881803781443663,0.05488180378144367,1370,invalid_stop_reason;
hand_friction_sweep_joint10_joint_3_3_20260811_161208.csv,14,10,joint_3_3,-1,0.05,-0.05,8.00136399269104,1.5924384095196262,-0.1473057888683214,-1.7397441983879476,-0.21743095301965287,timeout,-0.003327322305839904,-0.05332732230583988,1474,invalid_stop_reason;
hand_friction_sweep_joint10_joint_3_3_20260811_161208.csv,15,10,joint_3_3,1,0.05,0.05,8.000392198562622,-1.5812683023068623,0.0146607657167523,1.5959290680236147,0.19948135396541494,timeout,0.0045854005334574986,0.05458540053345751,1473,invalid_stop_reason;
hand_friction_sweep_joint10_joint_3_3_20260811_161208.csv,16,10,joint_3_3,-1,0.05,-0.05,8.001600980758667,1.5885986851652385,-0.1143190660056285,-1.702917751170867,-0.21282212837978906,timeout,-0.0034434278128294337,-0.05344342781282942,1474,invalid_stop_reason;
hand_friction_sweep_joint10_joint_3_3_20260811_161208.csv,17,10,joint_3_3,1,0.05,0.05,7.444173574447632,-1.5882496193148397,0.0162315620435472,1.6044811813583868,0.2155351652285246,q_not_changing,0.004904435274415396,0.0549044352744154,1370,invalid_stop_reason;
hand_friction_sweep_joint10_joint_3_3_20260811_161208.csv,18,10,joint_3_3,-1,0.05,-0.05,8.00184440612793,1.594009205846421,-0.1588249619314839,-1.752834167777905,-0.21905376795824208,timeout,-0.0033581659020010634,-0.05335816590200105,1474,invalid_stop_reason;
hand_friction_sweep_joint10_joint_3_3_20260811_161208.csv,19,10,joint_3_3,1,0.05,0.05,7.438088893890381,-1.5894713497912358,0.0364773813666814,1.6259487311579173,0.2185976471044149,q_not_changing,0.0048586362981378846,0.0548586362981379,1370,invalid_stop_reason;
hand_friction_sweep_joint10_joint_3_3_20260811_161208.csv,20,10,joint_3_3,-1,0.05,-0.05,8.000672578811646,1.5924384095196262,-0.1427679328131361,-1.7352063423327624,-0.2168825589648734,timeout,-0.003364436780741184,-0.05336443678074117,1473,invalid_stop_reason;
hand_friction_sweep_joint11_joint_3_4_20260811_162022.csv,1,11,joint_3_4,1,0.05,0.05,8.002206325531006,-1.596801732649612,-0.1141445330804291,1.4826571995691828,0.18528105115695045,timeout,0.0003351125401095974,0.050335112540109556,1470,invalid_stop_reason;
hand_friction_sweep_joint11_joint_3_4_20260811_162022.csv,2,11,joint_3_4,-1,0.05,-0.05,8.002718687057495,1.5428710587629872,-0.3970624048287099,-1.9399334635916972,-0.24240930356943333,timeout,-0.001472380583459876,-0.051472380583459876,1472,invalid_stop_reason;
hand_friction_sweep_joint11_joint_3_4_20260811_162022.csv,3,11,joint_3_4,1,0.05,0.05,8.003211259841919,-1.5994197265276031,-0.1151917306316257,1.4842279958959774,0.18545405684134023,timeout,0.00036739896086077973,0.050367398960860746,1471,invalid_stop_reason;
hand_friction_sweep_joint11_joint_3_4_20260811_162022.csv,4,11,joint_3_4,-1,0.05,-0.05,8.004041910171509,1.538682268558201,-0.4132939668722571,-1.951976235430458,-0.24387381492216992,timeout,-0.001460534805780568,-0.05146053480578057,1471,invalid_stop_reason;
hand_friction_sweep_joint11_joint_3_4_20260811_162022.csv,5,11,joint_3_4,1,0.05,0.05,8.003769397735596,-1.5974998643504097,-0.1155407964820246,1.4819590678683852,0.1851576418840424,timeout,0.00035508593565437217,0.05035508593565434,1471,invalid_stop_reason;
hand_friction_sweep_joint11_joint_3_4_20260811_162022.csv,6,11,joint_3_4,-1,0.05,-0.05,8.004302501678467,1.5413002624361922,-0.4473278872861466,-1.9886281497223388,-0.24844490188936916,timeout,-0.0014267117661876567,-0.05142671176618766,1471,invalid_stop_reason;
hand_friction_sweep_joint11_joint_3_4_20260811_162022.csv,7,11,joint_3_4,1,0.05,0.05,8.001832723617554,-1.5936601399960222,-0.1141445330804291,1.479515606915593,0.18489709270587174,timeout,0.0003271379153419524,0.05032713791534192,1471,invalid_stop_reason;
hand_friction_sweep_joint11_joint_3_4_20260811_162022.csv,8,11,joint_3_4,-1,0.05,-0.05,8.000228881835938,1.5399039990345968,-0.4530874738177279,-1.9929914728523248,-0.24911680681752718,timeout,-0.0014311050592500103,-0.05143110505925002,1470,invalid_stop_reason;
hand_friction_sweep_joint11_joint_3_4_20260811_162022.csv,9,11,joint_3_4,1,0.05,0.05,8.004498481750488,-1.5971507985000108,-0.1171115928088195,1.4800392056911913,0.18490092902953795,timeout,0.00035788074066652164,0.05035788074066648,1471,invalid_stop_reason;
hand_friction_sweep_joint11_joint_3_4_20260811_162022.csv,10,11,joint_3_4,-1,0.05,-0.05,8.003651857376099,1.5413002624361922,-0.4742059577668593,-2.0155062202030516,-0.251823324667174,timeout,-0.001410486335553869,-0.05141048633555388,1471,invalid_stop_reason;
hand_friction_sweep_joint11_joint_3_4_20260811_162022.csv,11,11,joint_3_4,1,0.05,0.05,8.00144076347351,-1.5971507985000108,-0.1155407964820246,1.4816100020179863,0.1851679023584752,timeout,0.0003340844570744119,0.05033408445707438,1471,invalid_stop_reason;
hand_friction_sweep_joint11_joint_3_4_20260811_162022.csv,12,11,joint_3_4,-1,0.05,-0.05,8.004589796066284,1.5409511965857934,-0.4635594493296939,-2.004510645915487,-0.2504201585571029,timeout,-0.0014087831278219054,-0.051408783127821905,1471,invalid_stop_reason;
hand_friction_sweep_joint11_joint_3_4_20260811_162022.csv,13,11,joint_3_4,1,0.05,0.05,8.003762245178223,-1.5990706606772045,-0.0434586983746588,1.5556119623025457,0.19436009149818348,timeout,0.0003351481348928408,0.05033514813489281,1471,invalid_stop_reason;
hand_friction_sweep_joint11_joint_3_4_20260811_162022.csv,14,11,joint_3_4,-1,0.05,-0.05,8.000495433807373,1.537984136857403,-0.4324925886441948,-1.9704767255015978,-0.24629433787000657,timeout,-0.0014396417706962902,-0.0514396417706963,1471,invalid_stop_reason;
hand_friction_sweep_joint11_joint_3_4_20260811_162022.csv,15,11,joint_3_4,1,0.05,0.05,5.022863864898682,-1.5964526667992132,-0.564788545945365,1.0316641208538482,0.2053936058397749,q_not_changing,0.0009115255124797562,0.05091152551247977,924,invalid_stop_reason;
hand_friction_sweep_joint11_joint_3_4_20260811_162022.csv,16,11,joint_3_4,-1,0.05,-0.05,8.00389575958252,1.538682268558201,-0.4473278872861466,-1.9860101558443475,-0.24813043741438445,timeout,-0.001440180082963238,-0.05144018008296324,1473,invalid_stop_reason;
hand_friction_sweep_joint11_joint_3_4_20260811_162022.csv,17,11,joint_3_4,1,0.05,0.05,6.242614507675171,-1.6013395887047972,-0.3829252378875559,1.2184143508172414,0.19517693256875385,q_not_changing,0.0006562893444180624,0.05065628934441804,1148,invalid_stop_reason;
hand_friction_sweep_joint11_joint_3_4_20260811_162022.csv,18,11,joint_3_4,-1,0.05,-0.05,8.000617265701294,1.5390313344085995,-0.4577998627981126,-1.996831197206712,-0.2495846421459432,timeout,-0.0014390176799494137,-0.05143901767994942,1472,invalid_stop_reason;
hand_friction_sweep_joint11_joint_3_4_20260811_162022.csv,19,11,joint_3_4,1,0.05,0.05,5.036665439605713,-1.5990706606772045,-0.5635668154689689,1.0355038452082357,0.2055931364957404,q_not_changing,0.0009124609861108457,0.05091246098611085,926,invalid_stop_reason;
hand_friction_sweep_joint11_joint_3_4_20260811_162022.csv,20,11,joint_3_4,-1,0.05,-0.05,8.00261664390564,1.536762406381007,-0.4274311338134112,-1.9641935401944182,-0.24544391260953902,timeout,-0.001445525105642964,-0.051445525105642965,1474,invalid_stop_reason;
hand_friction_sweep_joint12_joint_4_1_20260811_140944.csv,1,12,joint_4_1,1,0.05,0.05,2.6086246967315674,-0.2113593724165132,0.1712167996206437,0.3825761720371569,0.14665818832295013,q_not_changing,-0.001076008878084291,0.048923991121915644,481,invalid_stop_reason;
hand_friction_sweep_joint12_joint_4_1_20260811_140944.csv,3,12,joint_4_1,1,0.05,0.05,2.6106812953948975,-0.0797615468161408,0.1692969374434499,0.2490584842595907,0.09539980414266444,q_not_changing,-0.0022349691273317587,0.04776503087266816,482,invalid_stop_reason;
hand_friction_sweep_joint12_joint_4_1_20260811_140944.csv,5,12,joint_4_1,1,0.05,0.05,2.612719774246216,-0.0829031394697306,0.168947871593051,0.2518510110627816,0.09639419180935394,q_not_changing,-0.002176653144621903,0.04782334685537803,482,invalid_stop_reason;
hand_friction_sweep_joint12_joint_4_1_20260811_140944.csv,7,12,joint_4_1,1,0.05,0.05,2.611778736114502,-0.0893608577021096,0.1692969374434499,0.2586577951455595,0.09903511027521428,q_not_changing,-0.002095250341730603,0.047904749658269324,482,invalid_stop_reason;
hand_friction_sweep_joint12_joint_4_1_20260811_140944.csv,9,12,joint_4_1,1,0.05,0.05,2.607598781585694,-0.0802851455917391,0.1696460032938488,0.2499311488855879,0.0958472410136668,q_not_changing,-0.0021725415725387274,0.0478274584274612,482,invalid_stop_reason;
hand_friction_sweep_joint12_joint_4_1_20260811_140944.csv,11,12,joint_4_1,1,0.05,0.05,2.6066839694976807,-0.0790634151153431,0.1696460032938488,0.2487094184091919,0.0954121870236227,q_not_changing,-0.0021657895335725355,0.0478342104664274,482,invalid_stop_reason;
hand_friction_sweep_joint12_joint_4_1_20260811_140944.csv,13,12,joint_4_1,1,0.05,0.05,3.2121002674102783,-0.0841248699461266,0.1696460032938488,0.2537708732399754,0.0790046549339431,q_not_changing,-0.0024472171555816554,0.04755278284441826,593,invalid_stop_reason;
hand_friction_sweep_joint12_joint_4_1_20260811_140944.csv,15,12,joint_4_1,1,0.05,0.05,2.6066572666168213,-0.0790634151153431,0.1603957582582788,0.23945917337362188,0.09186446428548536,q_not_changing,-0.002064798826340434,0.04793520117365949,481,invalid_stop_reason;
hand_friction_sweep_joint12_joint_4_1_20260811_140944.csv,17,12,joint_4_1,1,0.05,0.05,2.6128084659576416,-0.0816814089933346,0.1696460032938488,0.2513274122871834,0.09619052278869104,q_not_changing,-0.0021180899727097882,0.047881910027290135,483,invalid_stop_reason;
hand_friction_sweep_joint12_joint_4_1_20260811_140944.csv,19,12,joint_4_1,1,0.05,0.05,2.6160731315612793,-0.0813323431429357,0.1699950691442476,0.2513274122871833,0.0960704841371122,q_not_changing,-0.0021175978483303393,0.04788240215166958,484,invalid_stop_reason;
hand_friction_sweep_joint13_joint_4_2_20260811_163051.csv,1,13,joint_4_2,1,0.05,0.05,7.428860187530518,-0.0033161255787892,1.3484413800908188,1.351757505669608,0.18196028348178617,q_not_changing,-0.006192744905889683,0.043807255094110244,1357,invalid_stop_reason;
hand_friction_sweep_joint13_joint_4_2_20260811_163051.csv,3,13,joint_4_2,1,0.05,0.05,6.822105169296265,0.0748746249105567,1.386838623634694,1.3119639987241372,0.19231072611263672,q_not_changing,-0.006320785079777046,0.04367921492022287,1248,invalid_stop_reason;
hand_friction_sweep_joint13_joint_4_2_20260811_163051.csv,5,13,joint_4_2,1,0.05,0.05,7.427253246307373,0.0797615468161408,1.3864895577842953,1.3067280109681545,0.1759369133693972,q_not_changing,-0.006923848922203523,0.0430761510777964,1360,invalid_stop_reason;
hand_friction_sweep_joint13_joint_4_2_20260811_163051.csv,7,13,joint_4_2,1,0.05,0.05,7.427755117416382,0.077841684638947,1.3864895577842953,1.3086478731453484,0.176183497228775,q_not_changing,-0.006892830225135659,0.043107169774864264,1358,invalid_stop_reason;
hand_friction_sweep_joint13_joint_4_2_20260811_163051.csv,9,13,joint_4_2,1,0.05,0.05,7.4290385246276855,0.080634211442138,1.3864895577842953,1.3058553463421574,0.1757771671277747,q_not_changing,-0.006923722055981506,0.043076277944018415,1359,invalid_stop_reason;
hand_friction_sweep_joint13_joint_4_2_20260811_163051.csv,11,13,joint_4_2,1,0.05,0.05,7.43178391456604,0.0774926187885482,1.3864895577842953,1.308996938995747,0.1761349568345439,q_not_changing,-0.006941746346874845,0.04305825365312508,1358,invalid_stop_reason;
hand_friction_sweep_joint13_joint_4_2_20260811_163051.csv,13,13,joint_4_2,1,0.05,0.05,7.41939902305603,0.0762708883121521,1.3864895577842953,1.3102186694721432,0.1765936385683793,q_not_changing,-0.0069273815235432815,0.043072618476456645,1358,invalid_stop_reason;
hand_friction_sweep_joint13_joint_4_2_20260811_163051.csv,15,13,joint_4_2,1,0.05,0.05,6.8166844844818115,0.077841684638947,1.386838623634694,1.308996938995747,0.19202838887081833,q_not_changing,-0.006376356433768533,0.04362364356623139,1249,invalid_stop_reason;
hand_friction_sweep_joint13_joint_4_2_20260811_163051.csv,17,13,joint_4_2,1,0.05,0.05,6.817266464233398,0.0790634151153431,1.386838623634694,1.3077752085193508,0.1918327845010251,q_not_changing,-0.006376219863548035,0.043623780136451885,1250,invalid_stop_reason;
hand_friction_sweep_joint13_joint_4_2_20260811_163051.csv,19,13,joint_4_2,1,0.05,0.05,7.437029838562012,0.0825540736193317,1.3864895577842953,1.3039354841649635,0.17533014018632553,q_not_changing,-0.0069246392577858844,0.04307536074221403,1362,invalid_stop_reason;
hand_friction_sweep_joint14_joint_4_3_20260811_163616.csv,1,14,joint_4_3,1,0.05,0.05,1.4068574905395508,-1.5842353620352527,-1.5474089148181724,0.03682644721708028,0.026176387775393505,q_not_changing,0.009743949046986373,0.059743949046986385,258,invalid_stop_reason;
hand_friction_sweep_joint14_joint_4_3_20260811_163616.csv,2,14,joint_4_3,-1,0.05,-0.05,3.8129048347473145,1.5573572915545402,0.6483898171158934,-0.9089674744386468,-0.23839238424078976,q_not_changing,-0.006381769940357827,-0.05638176994035783,699,invalid_stop_reason;
hand_friction_sweep_joint14_joint_4_3_20260811_163616.csv,3,14,joint_4_3,1,0.05,0.05,1.4048948287963867,-1.5941837387716205,-1.5482815794441696,0.0459021593274509,0.032673021771157475,q_not_changing,0.009733774232069111,0.05973377423206911,258,invalid_stop_reason;
hand_friction_sweep_joint14_joint_4_3_20260811_163616.csv,4,14,joint_4_3,-1,0.05,-0.05,5.014817237854004,1.557008225704141,0.5900958200992827,-0.9669124056048584,-0.1928110955482458,q_not_changing,-0.005705383439010412,-0.055705383439010416,919,invalid_stop_reason;
hand_friction_sweep_joint14_joint_4_3_20260811_163616.csv,5,14,joint_4_3,1,0.05,0.05,1.4038219451904297,-1.5950564033976176,-1.5486306452945684,0.046425758103049164,0.03307097332543229,q_not_changing,0.009734637760952212,0.05973463776095222,257,invalid_stop_reason;
hand_friction_sweep_joint14_joint_4_3_20260811_163616.csv,6,14,joint_4_3,-1,0.05,-0.05,5.016350984573364,1.558928087881335,0.5900958200992827,-0.9688322677820522,-0.1931348645183468,q_not_changing,-0.0057489974163800325,-0.055748997416380036,918,invalid_stop_reason;
hand_friction_sweep_joint14_joint_4_3_20260811_163616.csv,7,14,joint_4_3,1,0.05,0.05,1.4076690673828125,-1.592787475370025,-1.5486306452945684,0.04415683007545668,0.03136875782711813,q_not_changing,0.009733284244465661,0.05973328424446567,258,invalid_stop_reason;
hand_friction_sweep_joint14_joint_4_3_20260811_163616.csv,8,14,joint_4_3,-1,0.05,-0.05,4.41192626953125,1.558928087881335,0.6288421294935569,-0.9300859583877781,-0.21081176374386604,q_not_changing,-0.006085109389999307,-0.05608510938999931,808,invalid_stop_reason;
hand_friction_sweep_joint14_joint_4_3_20260811_163616.csv,9,14,joint_4_3,1,0.05,0.05,1.4052326679229736,-1.5919148107440275,-1.543569190463785,0.048345620280242585,0.03440399684964668,q_not_changing,0.009741563766194606,0.05974156376619461,258,invalid_stop_reason;
hand_friction_sweep_joint14_joint_4_3_20260811_163616.csv,10,14,joint_4_3,-1,0.05,-0.05,4.414906024932861,1.5599752854325315,0.5759586531581287,-0.9840166322744028,-0.22288506861012225,q_not_changing,-0.0058451427090514246,-0.05584514270905143,808,invalid_stop_reason;
hand_friction_sweep_joint14_joint_4_3_20260811_163616.csv,11,14,joint_4_3,1,0.05,0.05,1.4016072750091553,-1.5919148107440275,-1.5439182563141838,0.04799655442984374,0.03424393928715177,q_not_changing,0.009742748213174182,0.0597427482131742,257,invalid_stop_reason;
hand_friction_sweep_joint14_joint_4_3_20260811_163616.csv,12,14,joint_4_3,-1,0.05,-0.05,4.41342306137085,1.5608479500585288,0.5794493116621173,-0.9813986383964115,-0.2223667717210822,q_not_changing,-0.005959758113078629,-0.055959758113078635,808,invalid_stop_reason;
hand_friction_sweep_joint14_joint_4_3_20260811_163616.csv,13,14,joint_4_3,1,0.05,0.05,1.4010834693908691,-1.5941837387716205,-1.5896458827164353,0.0045378560551851965,0.00323881920979202,q_not_changing,0.009654695641017931,0.05965469564101793,257,small_qdot;small_q_delta;invalid_stop_reason;
hand_friction_sweep_joint14_joint_4_3_20260811_163616.csv,14,14,joint_4_3,-1,0.05,-0.05,4.414391756057739,1.5615460817593263,0.5743878568313338,-0.9871582249279925,-0.22362270488869604,q_not_changing,-0.005909263939745297,-0.0559092639397453,808,invalid_stop_reason;
hand_friction_sweep_joint14_joint_4_3_20260811_163616.csv,15,14,joint_4_3,1,0.05,0.05,1.4031999111175537,-1.5957545350984152,-1.5892968168660364,0.00645771823237884,0.004602137002157949,q_not_changing,0.0096538458082147,0.05965384580821471,258,small_qdot;small_q_delta;invalid_stop_reason;
hand_friction_sweep_joint14_joint_4_3_20260811_163616.csv,16,14,joint_4_3,-1,0.05,-0.05,4.412392139434814,1.5608479500585288,0.5763077190085275,-0.9845402310500013,-0.22313071910605656,q_not_changing,-0.005843149831479192,-0.05584314983147919,808,invalid_stop_reason;
hand_friction_sweep_joint14_joint_4_3_20260811_163616.csv,17,14,joint_4_3,1,0.05,0.05,1.4043195247650146,-1.5950564033976176,-1.5880750863896402,0.006981317007977328,0.004971316630483732,q_not_changing,0.009657792000064315,0.05965779200006433,258,small_qdot;small_q_delta;invalid_stop_reason;
hand_friction_sweep_joint14_joint_4_3_20260811_163616.csv,18,14,joint_4_3,-1,0.05,-0.05,5.014409780502319,1.558579022030936,0.5740387909809349,-0.984540231050001,-0.19634219661867652,q_not_changing,-0.005652497363832396,-0.0556524973638324,918,invalid_stop_reason;
hand_friction_sweep_joint14_joint_4_3_20260811_163616.csv,19,14,joint_4_3,1,0.05,0.05,1.4048643112182617,-1.5954054692480164,-1.5908676131928312,0.0045378560551851965,0.0032301027358649934,q_not_changing,0.009652473967796154,0.05965247396779616,258,small_qdot;small_q_delta;invalid_stop_reason;
hand_friction_sweep_joint14_joint_4_3_20260811_163616.csv,20,14,joint_4_3,-1,0.05,-0.05,5.014726877212524,1.5573572915545402,0.5770058507093253,-0.9803514408452149,-0.19549448351814347,q_not_changing,-0.005620057357288299,-0.0556200573572883,918,invalid_stop_reason;
hand_friction_sweep_joint15_joint_4_4_20260811_164227.csv,1,15,joint_4_4,1,0.05,0.05,8.003645658493042,-1.5756832487004806,0.1511455132227089,1.7268287619231895,0.21575527398452116,timeout,8.198175624908759e-05,0.05008198175624905,1463,invalid_stop_reason;
hand_friction_sweep_joint15_joint_4_4_20260811_164227.csv,2,15,joint_4_4,-1,0.05,-0.05,8.004640340805054,1.593136541220424,-0.690975850864555,-2.284112392084979,-0.285348534704466,timeout,-0.0012993956905037853,-0.051299395690503784,1464,invalid_stop_reason;
hand_friction_sweep_joint15_joint_4_4_20260811_164227.csv,3,15,joint_4_4,1,0.05,0.05,8.004623174667358,-1.604481181358387,0.2539454061651749,1.858426587523562,0.23216915362174947,timeout,0.00010004684136165045,0.0501000468413616,1462,invalid_stop_reason;
hand_friction_sweep_joint15_joint_4_4_20260811_164227.csv,4,15,joint_4_4,-1,0.05,-0.05,8.000133752822876,1.592787475370025,-0.6606071218798537,-2.253394597249879,-0.2816696153929627,timeout,-0.0013219352818951693,-0.05132193528189517,1461,invalid_stop_reason;
hand_friction_sweep_joint15_joint_4_4_20260811_164227.csv,5,15,joint_4_4,1,0.05,0.05,8.00188946723938,-1.6025613191811932,0.1518436449235066,1.7544049641046997,0.21924883757610344,timeout,0.00013743065890389416,0.050137430658903845,1459,invalid_stop_reason;
hand_friction_sweep_joint15_joint_4_4_20260811_164227.csv,6,15,joint_4_4,-1,0.05,-0.05,7.999904155731201,1.593136541220424,-0.6407103684071183,-2.233846909627542,-0.27923420907826685,timeout,-0.001337153796716383,-0.05133715379671638,1462,invalid_stop_reason;
hand_friction_sweep_joint15_joint_4_4_20260811_164227.csv,7,15,joint_4_4,1,0.05,0.05,8.001276016235352,-1.601688654555196,0.2401573050744197,1.8418459596296157,0.23019402853898988,timeout,0.00013576472820053137,0.050135764728200485,1452,invalid_stop_reason;
hand_friction_sweep_joint15_joint_4_4_20260811_164227.csv,8,15,joint_4_4,-1,0.05,-0.05,8.005037546157837,1.5950564033976176,-0.657116463375865,-2.2521728667734826,-0.28134444764152966,timeout,-0.0013407152298936828,-0.051340715229893676,1453,invalid_stop_reason;
hand_friction_sweep_joint15_joint_4_4_20260811_164227.csv,9,15,joint_4_4,1,0.05,0.05,8.001922845840454,-1.6009905228543984,0.2316051917396475,1.832595714594046,0.22901941819479835,timeout,0.00012935556854102163,0.050129355568540986,1451,invalid_stop_reason;
hand_friction_sweep_joint15_joint_4_4_20260811_164227.csv,10,15,joint_4_4,-1,0.05,-0.05,8.001051187515259,1.5938346729212216,-0.6448991586119047,-2.238733831533126,-0.2798049630061633,timeout,-0.0013502287772110255,-0.05135022877721103,1449,invalid_stop_reason;
hand_friction_sweep_joint15_joint_4_4_20260811_164227.csv,11,15,joint_4_4,1,0.05,0.05,8.00004768371582,-1.6006414570039995,0.2661627109291352,1.8668041679331346,0.23334913012244088,timeout,0.00010305742116282122,0.05010305742116278,1446,invalid_stop_reason;
hand_friction_sweep_joint15_joint_4_4_20260811_164227.csv,12,15,joint_4_4,-1,0.05,-0.05,7.999871730804443,1.5947073375472187,-0.6234316088123745,-2.218138946359593,-0.27727181397401524,timeout,-0.0013741000874665454,-0.05137410008746654,1450,invalid_stop_reason;
hand_friction_sweep_joint15_joint_4_4_20260811_164227.csv,13,15,joint_4_4,1,0.05,0.05,7.999946355819702,-1.5994197265276031,0.1511455132227089,1.750565239750312,0.21882212228546163,timeout,0.00014096101493705132,0.05014096101493701,1456,invalid_stop_reason;
hand_friction_sweep_joint15_joint_4_4_20260811_164227.csv,14,15,joint_4_4,-1,0.05,-0.05,8.000043630599976,1.5966271997244126,-0.6253514709895682,-2.221978670713981,-0.2777458190621568,timeout,-0.0013710407922026156,-0.051371040792202616,1446,invalid_stop_reason;
hand_friction_sweep_joint15_joint_4_4_20260811_164227.csv,15,15,joint_4_4,1,0.05,0.05,8.005212306976318,-1.6051793130591847,0.26162485487395,1.8668041679331346,0.2331985831664036,timeout,9.035234437973495e-05,0.05009035234437969,1455,invalid_stop_reason;
hand_friction_sweep_joint15_joint_4_4_20260811_164227.csv,16,15,joint_4_4,-1,0.05,-0.05,8.001282453536987,1.591565744893629,-0.627271333166762,-2.2188370780603908,-0.2773101800798881,timeout,-0.0013706986059774638,-0.051370698605977455,1450,invalid_stop_reason;
hand_friction_sweep_joint15_joint_4_4_20260811_164227.csv,17,15,joint_4_4,1,0.05,0.05,8.004791736602783,-1.6067501093859795,0.2539454061651749,1.8606955155511544,0.23244771091831423,timeout,9.856179033143449e-05,0.0500985617903314,1449,invalid_stop_reason;
hand_friction_sweep_joint15_joint_4_4_20260811_164227.csv,18,15,joint_4_4,-1,0.05,-0.05,8.004919052124023,1.5962781338740135,-0.6330309196983432,-2.229309053572357,-0.27849239187257396,timeout,-0.001362061099037513,-0.05136206109903751,1435,invalid_stop_reason;
hand_friction_sweep_joint15_joint_4_4_20260811_164227.csv,19,15,joint_4_4,1,0.05,0.05,8.004321575164795,-1.603259450881991,0.2443460952792061,1.847605546161197,0.23082600178056417,timeout,0.00010324141845294932,0.050103241418452904,1448,invalid_stop_reason;
hand_friction_sweep_joint15_joint_4_4_20260811_164227.csv,20,15,joint_4_4,-1,0.05,-0.05,8.001397132873535,1.59435827169682,-0.6365215782023319,-2.230879849899152,-0.2788112891851898,timeout,-0.0013587692277252793,-0.051358769227725275,1448,invalid_stop_reason;
hand_friction_sweep_joint16_joint_5_1_20260811_143454.csv,1,16,joint_5_1,1,0.05,0.05,5.01482653617859,0.0148352986419518,0.9091420073638462,0.8943067087218944,0.17833253099984117,q_not_changing,0.0,0.05000000000000001,920,invalid_stop_reason;
hand_friction_sweep_joint16_joint_5_1_20260811_143454.csv,2,16,joint_5_1,-1,0.05,-0.05,7.44028902053833,1.7378243362107535,0.1202531854624092,-1.6175711507483443,-0.2174070316735233,q_not_changing,0.0,-0.04999999999999999,1365,invalid_stop_reason;
hand_friction_sweep_joint16_joint_5_1_20260811_143454.csv,3,16,joint_5_1,1,0.05,0.05,6.834859848022461,-0.0008726646259971,1.2676326357234815,1.2685053003494786,0.1855934618346998,q_not_changing,0.0,0.049999999999999996,1253,invalid_stop_reason;
hand_friction_sweep_joint16_joint_5_1_20260811_143454.csv,5,16,joint_5_1,1,0.05,0.05,6.229341745376587,0.0888372589265113,1.2672835698730829,1.1784463109465715,0.18917669941951948,q_not_changing,0.0,0.049999999999999996,1144,invalid_stop_reason;
hand_friction_sweep_joint16_joint_5_1_20260811_143454.csv,7,16,joint_5_1,1,0.05,0.05,6.840463876724243,0.0860447321233204,1.3765411810479276,1.2904964489246071,0.18865627714455518,q_not_changing,0.0,0.049999999999999996,1257,invalid_stop_reason;
hand_friction_sweep_joint16_joint_5_1_20260811_143454.csv,9,16,joint_5_1,1,0.05,0.05,6.837235689163208,0.0825540736193317,1.414589358741404,1.3320352851220723,0.19482073540821535,q_not_changing,0.0,0.049999999999999996,1255,invalid_stop_reason;
hand_friction_sweep_joint16_joint_5_1_20260811_143454.csv,11,16,joint_5_1,1,0.05,0.05,6.835026502609253,0.0876155284501153,1.4254104001037688,1.3377948716536536,0.19572636201819466,q_not_changing,0.0,0.049999999999999996,1255,invalid_stop_reason;
hand_friction_sweep_joint16_joint_5_1_20260811_143454.csv,13,16,joint_5_1,1,0.05,0.05,6.835757255554199,0.08307767239493,1.4257594659541677,1.3426817935592377,0.19642034428128352,q_not_changing,0.0,0.04999999999999999,1256,invalid_stop_reason;
hand_friction_sweep_joint16_joint_5_1_20260811_143454.csv,15,16,joint_5_1,1,0.05,0.05,7.441614627838135,0.0853466004225227,1.4248868013281706,1.3395402009056478,0.18000666090590048,q_not_changing,0.0,0.049999999999999996,1367,invalid_stop_reason;
hand_friction_sweep_joint16_joint_5_1_20260811_143454.csv,17,16,joint_5_1,1,0.05,0.05,6.836275100708008,-0.0015707963267948,1.4254104001037688,1.4269811964305636,0.20873665489014281,q_not_changing,0.0,0.04999999999999999,1254,invalid_stop_reason;
hand_friction_sweep_joint16_joint_5_1_20260811_143454.csv,19,16,joint_5_1,1,0.05,0.05,6.835696458816528,0.0849975345721238,1.4261085318045663,1.3411109972324424,0.19619229807998678,q_not_changing,0.0,0.049999999999999996,1258,invalid_stop_reason;
hand_friction_sweep_joint17_joint_5_2_20260811_141424.csv,1,17,joint_5_2,1,0.05,0.05,8.00187087059021,-0.1408480706359423,1.195201471765717,1.3360495424016592,0.16696714605982058,timeout,-0.009991047231473626,0.040008952768526285,1475,invalid_stop_reason;
hand_friction_sweep_joint17_joint_5_2_20260811_141424.csv,3,17,joint_5_2,1,0.05,0.05,7.437158107757568,-0.0256563400043166,1.196074136391714,1.2217304763960306,0.16427383399603473,q_not_changing,-0.010301713935975029,0.03969828606402489,1371,invalid_stop_reason;
hand_friction_sweep_joint17_joint_5_2_20260811_141424.csv,5,17,joint_5_2,1,0.05,0.05,8.004214525222778,-0.0333357887130916,1.1955505376161155,1.2288863263292071,0.153529908831998,timeout,-0.010484058943839568,0.03951594105616034,1472,invalid_stop_reason;
hand_friction_sweep_joint17_joint_5_2_20260811_141424.csv,7,17,joint_5_2,1,0.05,0.05,7.440620183944701,-0.0172787595947438,1.1955505376161155,1.2128292972108594,0.1630011030300795,q_not_changing,-0.010299059068892724,0.03970094093110719,1369,invalid_stop_reason;
hand_friction_sweep_joint17_joint_5_2_20260811_141424.csv,9,17,joint_5_2,1,0.05,0.05,7.435651540756226,-0.0137881010907552,1.1979939985689076,1.2117820996596629,0.16296918878159553,q_not_changing,-0.010286781262346464,0.03971321873765345,1371,invalid_stop_reason;
hand_friction_sweep_joint17_joint_5_2_20260811_141424.csv,11,17,joint_5_2,1,0.05,0.05,6.233882665634155,-0.0185004900711398,1.1054915482132082,1.123992038284348,0.18030368849908526,q_not_changing,-0.009607219119421025,0.040392780880578884,1154,invalid_stop_reason;
hand_friction_sweep_joint17_joint_5_2_20260811_141424.csv,13,17,joint_5_2,1,0.05,0.05,8.00037169456482,-0.0127409035395586,1.1955505376161155,1.2082914411556742,0.1510294130429648,timeout,-0.01049937986161796,0.039500620138381945,1474,invalid_stop_reason;
hand_friction_sweep_joint17_joint_5_2_20260811_141424.csv,15,17,joint_5_2,1,0.05,0.05,6.834648609161377,-0.0191986217719376,1.1281808284891346,1.1473794502610721,0.16787687500467674,q_not_changing,-0.009937836997084695,0.040062163002915215,1259,invalid_stop_reason;
hand_friction_sweep_joint17_joint_5_2_20260811_141424.csv,17,17,joint_5_2,1,0.05,0.05,7.999968528747559,-0.0280998009571087,1.1979939985689076,1.2260937995260164,0.1532623278604283,timeout,-0.010537763279672801,0.0394622367203271,1473,invalid_stop_reason;
hand_friction_sweep_joint17_joint_5_2_20260811_141424.csv,19,17,joint_5_2,1,0.05,0.05,6.828558683395386,-0.0176278254451427,1.1285298943395334,1.1461577197846762,0.16784767810104967,q_not_changing,-0.009952617967743854,0.04004738203225605,1258,invalid_stop_reason;
hand_friction_sweep_joint18_joint_5_3_20260811_145243.csv,1,18,joint_5_3,1,0.05,0.05,8.004893779754639,-1.5264649637942405,0.6565928646002667,2.183057828394507,0.2727154024099269,timeout,0.002778290875818535,0.05277829087581849,1456,invalid_stop_reason;
hand_friction_sweep_joint18_joint_5_3_20260811_145243.csv,2,18,joint_5_3,-1,0.05,-0.05,8.001188516616821,1.60657557646078,-0.3057816849494065,-1.9123572614101865,-0.23900914938307155,timeout,-0.003207396925540984,-0.05320739692554095,1456,invalid_stop_reason;
hand_friction_sweep_joint18_joint_5_3_20260811_145243.csv,3,18,joint_5_3,1,0.05,0.05,8.001420974731445,-1.523846969916249,0.6539748707222752,2.177821840638524,0.2721793850762388,timeout,0.0028646213734556817,0.05286462137345565,1455,invalid_stop_reason;
hand_friction_sweep_joint18_joint_5_3_20260811_145243.csv,4,18,joint_5_3,-1,0.05,-0.05,8.005007028579712,1.60971716911437,-0.2083923126881229,-1.8181094818024928,-0.2271215347233831,timeout,-0.003610601737214021,-0.053610601737213985,1458,invalid_stop_reason;
hand_friction_sweep_joint18_joint_5_3_20260811_145243.csv,5,18,joint_5_3,1,0.05,0.05,7.9999611377716064,-1.5365878734558076,0.6386159733047251,2.1752038467605326,0.2719018016838063,timeout,0.0029943640435399956,0.05299436404353995,1456,invalid_stop_reason;
hand_friction_sweep_joint18_joint_5_3_20260811_145243.csv,6,18,joint_5_3,-1,0.05,-0.05,7.999830484390259,1.6180947495239428,-0.2464404903815993,-1.8645352399055422,-0.23307184365265404,timeout,-0.003474959305465101,-0.05347495930546506,1456,invalid_stop_reason;
hand_friction_sweep_joint18_joint_5_3_20260811_145243.csv,7,18,joint_5_3,1,0.05,0.05,8.000972986221313,-1.5433946575385855,0.6607816548050531,2.2041763123436384,0.2754885332245851,timeout,0.0028947666330215276,0.05289476663302149,1456,invalid_stop_reason;
hand_friction_sweep_joint18_joint_5_3_20260811_145243.csv,8,18,joint_5_3,-1,0.05,-0.05,7.441956281661987,1.6231562043547263,-0.2467895562319981,-1.8699457605867245,-0.2512707263807139,q_not_changing,-0.004190583128874146,-0.05419058312887411,1353,invalid_stop_reason;
hand_friction_sweep_joint18_joint_5_3_20260811_145243.csv,9,18,joint_5_3,1,0.05,0.05,8.0020010471344,-1.5423474599873888,0.6665412413366344,2.2088887013240233,0.2760420410236074,timeout,0.002801480524212352,0.05280148052421232,1457,invalid_stop_reason;
hand_friction_sweep_joint18_joint_5_3_20260811_145243.csv,10,18,joint_5_3,-1,0.05,-0.05,8.00290036201477,1.6376424371462792,-0.3288200310757316,-1.9664624682220109,-0.24571872437094094,timeout,-0.0034368241336362733,-0.05343682413363624,1456,invalid_stop_reason;
hand_friction_sweep_joint18_joint_5_3_20260811_145243.csv,11,18,joint_5_3,1,0.05,0.05,8.003473997116089,-1.5353661429794117,0.6689847022894264,2.204350845268838,0.2754242527761241,timeout,0.00278681890546466,0.05278681890546462,1456,invalid_stop_reason;
hand_friction_sweep_joint18_joint_5_3_20260811_145243.csv,12,18,joint_5_3,-1,0.05,-0.05,8.003559350967407,1.6196655458507376,-0.3364994797845067,-1.9561650256352443,-0.2444118847446041,timeout,-0.003322558702662542,-0.053322558702662504,1457,invalid_stop_reason;
hand_friction_sweep_joint18_joint_5_3_20260811_145243.csv,13,18,joint_5_3,1,0.05,0.05,8.004258632659912,-1.5273376284202376,0.6738716241950106,2.2012092526152482,0.2750047635434488,timeout,0.0027420591023938623,0.05274205910239382,1457,invalid_stop_reason;
hand_friction_sweep_joint18_joint_5_3_20260811_145243.csv,14,18,joint_5_3,-1,0.05,-0.05,8.00188136100769,1.6242034019059228,-0.3361504139341078,-1.9603538158400307,-0.2449866134472606,timeout,-0.003280239754343703,-0.05328023975434367,1455,invalid_stop_reason;
hand_friction_sweep_joint18_joint_5_3_20260811_145243.csv,15,18,joint_5_3,1,0.05,0.05,8.00142502784729,-1.539554933184198,0.6766641509982015,2.2162190841823994,0.27697804784389174,timeout,0.0027331158134924457,0.0527331158134924,1457,invalid_stop_reason;
hand_friction_sweep_joint18_joint_5_3_20260811_145243.csv,16,18,joint_5_3,-1,0.05,-0.05,8.00028920173645,1.6360716408194844,-0.3371976114853044,-1.9732692523047888,-0.24664974009645724,timeout,-0.003308712835908969,-0.05330871283590893,1455,invalid_stop_reason;
hand_friction_sweep_joint18_joint_5_3_20260811_145243.csv,17,18,joint_5_3,1,0.05,0.05,8.004596471786499,-1.537635071007004,0.6766641509982015,2.2142992220052053,0.27662846338473934,timeout,0.0026951691549335723,0.05269516915493353,1457,invalid_stop_reason;
hand_friction_sweep_joint18_joint_5_3_20260811_145243.csv,18,18,joint_5_3,-1,0.05,-0.05,8.003196477890015,1.656491993067818,-0.3349286834577118,-1.9914206765255298,-0.24882816285057063,timeout,-0.0034686965970384754,-0.05346869659703844,1458,invalid_stop_reason;
hand_friction_sweep_joint18_joint_5_3_20260811_145243.csv,19,18,joint_5_3,1,0.05,0.05,8.000955581665039,-1.5261158979438416,0.6750933546714066,2.2012092526152482,0.27511829432718404,timeout,0.002723652906613307,0.052723652906613266,1458,invalid_stop_reason;
hand_friction_sweep_joint18_joint_5_3_20260811_145243.csv,20,18,joint_5_3,-1,0.05,-0.05,8.003352165222168,1.632231916465097,-0.3352777493081106,-1.9675096657732074,-0.245835697987006,timeout,-0.0033669955407606257,-0.05336699554076058,1457,invalid_stop_reason;
hand_friction_sweep_joint19_joint_5_4_20260811_150022.csv,1,19,joint_5_4,1,0.05,0.05,8.002187013626099,-1.5983725289764068,0.2303834612632515,1.8287559902396584,0.228532023448797,timeout,-0.003367827000120827,0.04663217299987909,1457,invalid_stop_reason;
hand_friction_sweep_joint19_joint_5_4_20260811_150022.csv,2,19,joint_5_4,-1,0.05,-0.05,8.005157232284546,1.527163095495038,-0.9149015938954276,-2.4420646893904654,-0.305061427093736,timeout,-0.003576413701848783,-0.053576413701848784,1457,invalid_stop_reason;
hand_friction_sweep_joint19_joint_5_4_20260811_150022.csv,3,19,joint_5_4,1,0.05,0.05,8.004559516906738,-1.5973253314252105,0.3677408733952052,1.9650662048204157,0.2454933592123244,timeout,-0.003445639397717429,0.046554360602282484,1457,invalid_stop_reason;
hand_friction_sweep_joint19_joint_5_4_20260811_150022.csv,4,19,joint_5_4,-1,0.05,-0.05,8.001840829849243,1.5310028198494257,-0.9049532171590596,-2.435956037008485,-0.3044244554230129,timeout,-0.0035859189381900083,-0.05358591893819002,1457,invalid_stop_reason;
hand_friction_sweep_joint19_joint_5_4_20260811_150022.csv,5,19,joint_5_4,1,0.05,0.05,8.002671241760254,-1.6025613191811932,0.3508111796508602,1.9533724988320533,0.24409005940901213,timeout,-0.003429258314382094,0.04657074168561782,1458,invalid_stop_reason;
hand_friction_sweep_joint19_joint_5_4_20260811_150022.csv,6,19,joint_5_4,-1,0.05,-0.05,6.837123394012451,1.5285593588966335,-0.3972369377539094,-1.9257962966505429,-0.2816676233073461,q_not_changing,-0.0037180892919461282,-0.053718089291946144,1245,invalid_stop_reason;
hand_friction_sweep_joint19_joint_5_4_20260811_150022.csv,7,19,joint_5_4,1,0.05,0.05,8.002439022064209,-1.5973253314252105,0.338244809036501,1.9355701404617114,0.24187252600425763,timeout,-0.0034176667128942963,0.046582333287105614,1457,invalid_stop_reason;
hand_friction_sweep_joint19_joint_5_4_20260811_150022.csv,8,19,joint_5_4,-1,0.05,-0.05,8.001129627227783,1.5313518856998245,-0.8504989444968367,-2.381850830196661,-0.29768931902955814,timeout,-0.0036243581455315545,-0.053624358145531556,1455,invalid_stop_reason;
hand_friction_sweep_joint19_joint_5_4_20260811_150022.csv,9,19,joint_5_4,1,0.05,0.05,8.001586675643921,-1.6006414570039995,0.3363249468593072,1.9369664038633068,0.24207278910809663,timeout,-0.003407884200569581,0.04659211579943033,1457,invalid_stop_reason;
hand_friction_sweep_joint19_joint_5_4_20260811_150022.csv,10,19,joint_5_4,-1,0.05,-0.05,8.002054214477539,1.5317009515502236,-0.8854055295367232,-2.4171064810869467,-0.30206074794067883,timeout,-0.003591656361946254,-0.05359165636194626,1455,invalid_stop_reason;
hand_friction_sweep_joint19_joint_5_4_20260811_150022.csv,11,19,joint_5_4,1,0.05,0.05,8.003859519958496,-1.599245193602404,0.337023078560105,1.9362682721625089,0.24191682366915773,timeout,-0.003404323086353259,0.046595676913646654,1457,invalid_stop_reason;
hand_friction_sweep_joint19_joint_5_4_20260811_150022.csv,12,19,joint_5_4,-1,0.05,-0.05,8.002759218215942,1.529082957672232,-0.8670795723907828,-2.3961625300630147,-0.29941704663672136,timeout,-0.0036090731239447325,-0.053609073123944743,1457,invalid_stop_reason;
hand_friction_sweep_joint19_joint_5_4_20260811_150022.csv,13,19,joint_5_4,1,0.05,0.05,8.000579595565796,-1.6015141216299966,0.3129375348825832,1.9144516565125798,0.23928912069990987,timeout,-0.003388695621233265,0.04661130437876665,1456,invalid_stop_reason;
hand_friction_sweep_joint19_joint_5_4_20260811_150022.csv,14,19,joint_5_4,-1,0.05,-0.05,8.003661870956421,1.5294320235226309,-0.8501498786464379,-2.3795819021690687,-0.29731164815995825,timeout,-0.0036103709139707683,-0.05361037091397078,1458,invalid_stop_reason;
hand_friction_sweep_joint19_joint_5_4_20260811_150022.csv,15,19,joint_5_4,1,0.05,0.05,8.001113176345825,-1.599245193602404,0.2970550386894348,1.8963002322918387,0.23700455055403863,timeout,-0.003391269581802674,0.046608730418197235,1456,invalid_stop_reason;
hand_friction_sweep_joint19_joint_5_4_20260811_150022.csv,16,19,joint_5_4,-1,0.05,-0.05,8.00215220451355,1.529082957672232,-0.8655087760639879,-2.39459173373622,-0.2992434625756768,timeout,-0.0036042246019366993,-0.0536042246019367,1455,invalid_stop_reason;
hand_friction_sweep_joint19_joint_5_4_20260811_150022.csv,17,19,joint_5_4,1,0.05,0.05,8.002898454666138,-1.6006414570039995,0.3056071520242071,1.9062486090282067,0.23819477653333926,timeout,-0.0033863275911645745,0.04661367240883534,1458,invalid_stop_reason;
hand_friction_sweep_joint19_joint_5_4_20260811_150022.csv,18,19,joint_5_4,-1,0.05,-0.05,8.004945755004883,1.5310028198494257,-0.8604473212332043,-2.39145014108263,-0.29874657671320737,timeout,-0.0036098431503283532,-0.05360984315032836,1457,invalid_stop_reason;
hand_friction_sweep_joint19_joint_5_4_20260811_150022.csv,19,19,joint_5_4,1,0.05,0.05,8.002489566802979,-1.5973253314252105,0.3101450080793923,1.9074703395046029,0.23835961591470636,timeout,-0.003391717929258719,0.0466082820707412,1457,invalid_stop_reason;
hand_friction_sweep_joint19_joint_5_4_20260811_150022.csv,20,19,joint_5_4,-1,0.05,-0.05,8.000720977783203,1.5310028198494257,-0.8609709200088027,-2.391973739858228,-0.2989697736616961,timeout,-0.0036128659452325106,-0.05361286594523252,1456,invalid_stop_reason;
